----------------------------------------
Exception occurred during processing of request from ('100.90.156.46', 58282)
Traceback (most recent call last):
  File "/home/colby/.local/share/uv/python/cpython-3.13.15-linux-x86_64-gnu/lib/python3.13/socketserver.py", line 697, in process_request_thread
    self.finish_request(request, client_address)
    ~~~~~~~~~~~~~~~~~~~^^^^^^^^^^^^^^^^^^^^^^^^^
  File "/home/colby/.local/share/uv/python/cpython-3.13.15-linux-x86_64-gnu/lib/python3.13/socketserver.py", line 362, in finish_request
    self.RequestHandlerClass(request, client_address, self)
    ~~~~~~~~~~~~~~~~~~~~~~~~^^^^^^^^^^^^^^^^^^^^^^^^^^^^^^^
  File "/home/colby/.local/share/uv/python/cpython-3.13.15-linux-x86_64-gnu/lib/python3.13/socketserver.py", line 766, in __init__
    self.handle()
    ~~~~~~~~~~~^^
  File "/home/colby/.local/share/uv/python/cpython-3.13.15-linux-x86_64-gnu/lib/python3.13/http/server.py", line 451, in handle
    self.handle_one_request()
    ~~~~~~~~~~~~~~~~~~~~~~~^^
  File "/home/colby/.local/share/uv/python/cpython-3.13.15-linux-x86_64-gnu/lib/python3.13/http/server.py", line 439, in handle_one_request
    method()
    ~~~~~~^^
  File "/home/colby/MediaSynthesis/headless-dj/web.py", line 83, in do_GET
    self._send_flac(f)
    ~~~~~~~~~~~~~~~^^^
  File "/home/colby/MediaSynthesis/headless-dj/web.py", line 111, in _send_flac
    self.wfile.write(chunk)
    ~~~~~~~~~~~~~~~~^^^^^^^
  File "/home/colby/.local/share/uv/python/cpython-3.13.15-linux-x86_64-gnu/lib/python3.13/socketserver.py", line 845, in write
    self._sock.sendall(b)
    ~~~~~~~~~~~~~~~~~~^^^
ConnectionResetError: [Errno 104] Connection reset by peer
----------------------------------------
----------------------------------------
Exception occurred during processing of request from ('100.90.156.46', 58288)
Traceback (most recent call last):
  File "/home/colby/.local/share/uv/python/cpython-3.13.15-linux-x86_64-gnu/lib/python3.13/socketserver.py", line 697, in process_request_thread
    self.finish_request(request, client_address)
    ~~~~~~~~~~~~~~~~~~~^^^^^^^^^^^^^^^^^^^^^^^^^
  File "/home/colby/.local/share/uv/python/cpython-3.13.15-linux-x86_64-gnu/lib/python3.13/socketserver.py", line 362, in finish_request
    self.RequestHandlerClass(request, client_address, self)
    ~~~~~~~~~~~~~~~~~~~~~~~~^^^^^^^^^^^^^^^^^^^^^^^^^^^^^^^
  File "/home/colby/.local/share/uv/python/cpython-3.13.15-linux-x86_64-gnu/lib/python3.13/socketserver.py", line 766, in __init__
    self.handle()
    ~~~~~~~~~~~^^
  File "/home/colby/.local/share/uv/python/cpython-3.13.15-linux-x86_64-gnu/lib/python3.13/http/server.py", line 451, in handle
    self.handle_one_request()
    ~~~~~~~~~~~~~~~~~~~~~~~^^
  File "/home/colby/.local/share/uv/python/cpython-3.13.15-linux-x86_64-gnu/lib/python3.13/http/server.py", line 439, in handle_one_request
    method()
    ~~~~~~^^
  File "/home/colby/MediaSynthesis/headless-dj/web.py", line 83, in do_GET
    self._send_flac(f)
    ~~~~~~~~~~~~~~~^^^
  File "/home/colby/MediaSynthesis/headless-dj/web.py", line 111, in _send_flac
    self.wfile.write(chunk)
    ~~~~~~~~~~~~~~~~^^^^^^^
  File "/home/colby/.local/share/uv/python/cpython-3.13.15-linux-x86_64-gnu/lib/python3.13/socketserver.py", line 845, in write
    self._sock.sendall(b)
    ~~~~~~~~~~~~~~~~~~^^^
BrokenPipeError: [Errno 32] Broken pipe
----------------------------------------
----------------------------------------
Exception occurred during processing of request from ('100.90.156.46', 58289)
Traceback (most recent call last):
  File "/home/colby/.local/share/uv/python/cpython-3.13.15-linux-x86_64-gnu/lib/python3.13/socketserver.py", line 697, in process_request_thread
    self.finish_request(request, client_address)
    ~~~~~~~~~~~~~~~~~~~^^^^^^^^^^^^^^^^^^^^^^^^^
  File "/home/colby/.local/share/uv/python/cpython-3.13.15-linux-x86_64-gnu/lib/python3.13/socketserver.py", line 362, in finish_request
    self.RequestHandlerClass(request, client_address, self)
    ~~~~~~~~~~~~~~~~~~~~~~~~^^^^^^^^^^^^^^^^^^^^^^^^^^^^^^^
  File "/home/colby/.local/share/uv/python/cpython-3.13.15-linux-x86_64-gnu/lib/python3.13/socketserver.py", line 766, in __init__
    self.handle()
    ~~~~~~~~~~~^^
  File "/home/colby/.local/share/uv/python/cpython-3.13.15-linux-x86_64-gnu/lib/python3.13/http/server.py", line 451, in handle
    self.handle_one_request()
    ~~~~~~~~~~~~~~~~~~~~~~~^^
  File "/home/colby/.local/share/uv/python/cpython-3.13.15-linux-x86_64-gnu/lib/python3.13/http/server.py", line 439, in handle_one_request
    method()
    ~~~~~~^^
  File "/home/colby/MediaSynthesis/headless-dj/web.py", line 83, in do_GET
    self._send_flac(f)
    ~~~~~~~~~~~~~~~^^^
  File "/home/colby/MediaSynthesis/headless-dj/web.py", line 111, in _send_flac
    self.wfile.write(chunk)
    ~~~~~~~~~~~~~~~~^^^^^^^
  File "/home/colby/.local/share/uv/python/cpython-3.13.15-linux-x86_64-gnu/lib/python3.13/socketserver.py", line 845, in write
    self._sock.sendall(b)
    ~~~~~~~~~~~~~~~~~~^^^
BrokenPipeError: [Errno 32] Broken pipe
----------------------------------------
----------------------------------------
Exception occurred during processing of request from ('100.90.156.46', 58290)
Traceback (most recent call last):
  File "/home/colby/.local/share/uv/python/cpython-3.13.15-linux-x86_64-gnu/lib/python3.13/socketserver.py", line 697, in process_request_thread
    self.finish_request(request, client_address)
    ~~~~~~~~~~~~~~~~~~~^^^^^^^^^^^^^^^^^^^^^^^^^
  File "/home/colby/.local/share/uv/python/cpython-3.13.15-linux-x86_64-gnu/lib/python3.13/socketserver.py", line 362, in finish_request
    self.RequestHandlerClass(request, client_address, self)
    ~~~~~~~~~~~~~~~~~~~~~~~~^^^^^^^^^^^^^^^^^^^^^^^^^^^^^^^
  File "/home/colby/.local/share/uv/python/cpython-3.13.15-linux-x86_64-gnu/lib/python3.13/socketserver.py", line 766, in __init__
    self.handle()
    ~~~~~~~~~~~^^
  File "/home/colby/.local/share/uv/python/cpython-3.13.15-linux-x86_64-gnu/lib/python3.13/http/server.py", line 451, in handle
    self.handle_one_request()
    ~~~~~~~~~~~~~~~~~~~~~~~^^
  File "/home/colby/.local/share/uv/python/cpython-3.13.15-linux-x86_64-gnu/lib/python3.13/http/server.py", line 439, in handle_one_request
    method()
    ~~~~~~^^
  File "/home/colby/MediaSynthesis/headless-dj/web.py", line 83, in do_GET
    self._send_flac(f)
    ~~~~~~~~~~~~~~~^^^
  File "/home/colby/MediaSynthesis/headless-dj/web.py", line 111, in _send_flac
    self.wfile.write(chunk)
    ~~~~~~~~~~~~~~~~^^^^^^^
  File "/home/colby/.local/share/uv/python/cpython-3.13.15-linux-x86_64-gnu/lib/python3.13/socketserver.py", line 845, in write
    self._sock.sendall(b)
    ~~~~~~~~~~~~~~~~~~^^^
BrokenPipeError: [Errno 32] Broken pipe
----------------------------------------
----------------------------------------
Exception occurred during processing of request from ('100.90.156.46', 58291)
Traceback (most recent call last):
  File "/home/colby/.local/share/uv/python/cpython-3.13.15-linux-x86_64-gnu/lib/python3.13/socketserver.py", line 697, in process_request_thread
    self.finish_request(request, client_address)
    ~~~~~~~~~~~~~~~~~~~^^^^^^^^^^^^^^^^^^^^^^^^^
  File "/home/colby/.local/share/uv/python/cpython-3.13.15-linux-x86_64-gnu/lib/python3.13/socketserver.py", line 362, in finish_request
    self.RequestHandlerClass(request, client_address, self)
    ~~~~~~~~~~~~~~~~~~~~~~~~^^^^^^^^^^^^^^^^^^^^^^^^^^^^^^^
  File "/home/colby/.local/share/uv/python/cpython-3.13.15-linux-x86_64-gnu/lib/python3.13/socketserver.py", line 766, in __init__
    self.handle()
    ~~~~~~~~~~~^^
  File "/home/colby/.local/share/uv/python/cpython-3.13.15-linux-x86_64-gnu/lib/python3.13/http/server.py", line 451, in handle
    self.handle_one_request()
    ~~~~~~~~~~~~~~~~~~~~~~~^^
  File "/home/colby/.local/share/uv/python/cpython-3.13.15-linux-x86_64-gnu/lib/python3.13/http/server.py", line 439, in handle_one_request
    method()
    ~~~~~~^^
  File "/home/colby/MediaSynthesis/headless-dj/web.py", line 83, in do_GET
    self._send_flac(f)
    ~~~~~~~~~~~~~~~^^^
  File "/home/colby/MediaSynthesis/headless-dj/web.py", line 111, in _send_flac
    self.wfile.write(chunk)
    ~~~~~~~~~~~~~~~~^^^^^^^
  File "/home/colby/.local/share/uv/python/cpython-3.13.15-linux-x86_64-gnu/lib/python3.13/socketserver.py", line 845, in write
    self._sock.sendall(b)
    ~~~~~~~~~~~~~~~~~~^^^
BrokenPipeError: [Errno 32] Broken pipe
----------------------------------------
----------------------------------------
Exception occurred during processing of request from ('100.90.156.46', 60436)
Traceback (most recent call last):
  File "/home/colby/.local/share/uv/python/cpython-3.13.15-linux-x86_64-gnu/lib/python3.13/socketserver.py", line 697, in process_request_thread
    self.finish_request(request, client_address)
    ~~~~~~~~~~~~~~~~~~~^^^^^^^^^^^^^^^^^^^^^^^^^
  File "/home/colby/.local/share/uv/python/cpython-3.13.15-linux-x86_64-gnu/lib/python3.13/socketserver.py", line 362, in finish_request
    self.RequestHandlerClass(request, client_address, self)
    ~~~~~~~~~~~~~~~~~~~~~~~~^^^^^^^^^^^^^^^^^^^^^^^^^^^^^^^
  File "/home/colby/.local/share/uv/python/cpython-3.13.15-linux-x86_64-gnu/lib/python3.13/socketserver.py", line 766, in __init__
    self.handle()
    ~~~~~~~~~~~^^
  File "/home/colby/.local/share/uv/python/cpython-3.13.15-linux-x86_64-gnu/lib/python3.13/http/server.py", line 451, in handle
    self.handle_one_request()
    ~~~~~~~~~~~~~~~~~~~~~~~^^
  File "/home/colby/.local/share/uv/python/cpython-3.13.15-linux-x86_64-gnu/lib/python3.13/http/server.py", line 439, in handle_one_request
    method()
    ~~~~~~^^
  File "/home/colby/MediaSynthesis/headless-dj/web.py", line 83, in do_GET
    self._send_flac(f)
    ~~~~~~~~~~~~~~~^^^
  File "/home/colby/MediaSynthesis/headless-dj/web.py", line 111, in _send_flac
    self.wfile.write(chunk)
    ~~~~~~~~~~~~~~~~^^^^^^^
  File "/home/colby/.local/share/uv/python/cpython-3.13.15-linux-x86_64-gnu/lib/python3.13/socketserver.py", line 845, in write
    self._sock.sendall(b)
    ~~~~~~~~~~~~~~~~~~^^^
BrokenPipeError: [Errno 32] Broken pipe
----------------------------------------
----------------------------------------
Exception occurred during processing of request from ('100.90.156.46', 51334)
Traceback (most recent call last):
  File "/home/colby/.local/share/uv/python/cpython-3.13.15-linux-x86_64-gnu/lib/python3.13/socketserver.py", line 697, in process_request_thread
    self.finish_request(request, client_address)
    ~~~~~~~~~~~~~~~~~~~^^^^^^^^^^^^^^^^^^^^^^^^^
  File "/home/colby/.local/share/uv/python/cpython-3.13.15-linux-x86_64-gnu/lib/python3.13/socketserver.py", line 362, in finish_request
    self.RequestHandlerClass(request, client_address, self)
    ~~~~~~~~~~~~~~~~~~~~~~~~^^^^^^^^^^^^^^^^^^^^^^^^^^^^^^^
  File "/home/colby/.local/share/uv/python/cpython-3.13.15-linux-x86_64-gnu/lib/python3.13/socketserver.py", line 766, in __init__
    self.handle()
    ~~~~~~~~~~~^^
  File "/home/colby/.local/share/uv/python/cpython-3.13.15-linux-x86_64-gnu/lib/python3.13/http/server.py", line 451, in handle
    self.handle_one_request()
    ~~~~~~~~~~~~~~~~~~~~~~~^^
  File "/home/colby/.local/share/uv/python/cpython-3.13.15-linux-x86_64-gnu/lib/python3.13/http/server.py", line 439, in handle_one_request
    method()
    ~~~~~~^^
  File "/home/colby/MediaSynthesis/headless-dj/web.py", line 83, in do_GET
    self._send_flac(f)
    ~~~~~~~~~~~~~~~^^^
  File "/home/colby/MediaSynthesis/headless-dj/web.py", line 111, in _send_flac
    self.wfile.write(chunk)
    ~~~~~~~~~~~~~~~~^^^^^^^
  File "/home/colby/.local/share/uv/python/cpython-3.13.15-linux-x86_64-gnu/lib/python3.13/socketserver.py", line 845, in write
    self._sock.sendall(b)
    ~~~~~~~~~~~~~~~~~~^^^
BrokenPipeError: [Errno 32] Broken pipe
----------------------------------------
----------------------------------------
Exception occurred during processing of request from ('100.90.156.46', 51343)
Traceback (most recent call last):
  File "/home/colby/.local/share/uv/python/cpython-3.13.15-linux-x86_64-gnu/lib/python3.13/socketserver.py", line 697, in process_request_thread
    self.finish_request(request, client_address)
    ~~~~~~~~~~~~~~~~~~~^^^^^^^^^^^^^^^^^^^^^^^^^
  File "/home/colby/.local/share/uv/python/cpython-3.13.15-linux-x86_64-gnu/lib/python3.13/socketserver.py", line 362, in finish_request
    self.RequestHandlerClass(request, client_address, self)
    ~~~~~~~~~~~~~~~~~~~~~~~~^^^^^^^^^^^^^^^^^^^^^^^^^^^^^^^
  File "/home/colby/.local/share/uv/python/cpython-3.13.15-linux-x86_64-gnu/lib/python3.13/socketserver.py", line 766, in __init__
    self.handle()
    ~~~~~~~~~~~^^
  File "/home/colby/.local/share/uv/python/cpython-3.13.15-linux-x86_64-gnu/lib/python3.13/http/server.py", line 451, in handle
    self.handle_one_request()
    ~~~~~~~~~~~~~~~~~~~~~~~^^
  File "/home/colby/.local/share/uv/python/cpython-3.13.15-linux-x86_64-gnu/lib/python3.13/http/server.py", line 439, in handle_one_request
    method()
    ~~~~~~^^
  File "/home/colby/MediaSynthesis/headless-dj/web.py", line 83, in do_GET
    self._send_flac(f)
    ~~~~~~~~~~~~~~~^^^
  File "/home/colby/MediaSynthesis/headless-dj/web.py", line 111, in _send_flac
    self.wfile.write(chunk)
    ~~~~~~~~~~~~~~~~^^^^^^^
  File "/home/colby/.local/share/uv/python/cpython-3.13.15-linux-x86_64-gnu/lib/python3.13/socketserver.py", line 845, in write
    self._sock.sendall(b)
    ~~~~~~~~~~~~~~~~~~^^^
BrokenPipeError: [Errno 32] Broken pipe
----------------------------------------
----------------------------------------
Exception occurred during processing of request from ('100.90.156.46', 51344)
Traceback (most recent call last):
  File "/home/colby/.local/share/uv/python/cpython-3.13.15-linux-x86_64-gnu/lib/python3.13/socketserver.py", line 697, in process_request_thread
    self.finish_request(request, client_address)
    ~~~~~~~~~~~~~~~~~~~^^^^^^^^^^^^^^^^^^^^^^^^^
  File "/home/colby/.local/share/uv/python/cpython-3.13.15-linux-x86_64-gnu/lib/python3.13/socketserver.py", line 362, in finish_request
    self.RequestHandlerClass(request, client_address, self)
    ~~~~~~~~~~~~~~~~~~~~~~~~^^^^^^^^^^^^^^^^^^^^^^^^^^^^^^^
  File "/home/colby/.local/share/uv/python/cpython-3.13.15-linux-x86_64-gnu/lib/python3.13/socketserver.py", line 766, in __init__
    self.handle()
    ~~~~~~~~~~~^^
  File "/home/colby/.local/share/uv/python/cpython-3.13.15-linux-x86_64-gnu/lib/python3.13/http/server.py", line 451, in handle
    self.handle_one_request()
    ~~~~~~~~~~~~~~~~~~~~~~~^^
  File "/home/colby/.local/share/uv/python/cpython-3.13.15-linux-x86_64-gnu/lib/python3.13/http/server.py", line 439, in handle_one_request
    method()
    ~~~~~~^^
  File "/home/colby/MediaSynthesis/headless-dj/web.py", line 83, in do_GET
    self._send_flac(f)
    ~~~~~~~~~~~~~~~^^^
  File "/home/colby/MediaSynthesis/headless-dj/web.py", line 111, in _send_flac
    self.wfile.write(chunk)
    ~~~~~~~~~~~~~~~~^^^^^^^
  File "/home/colby/.local/share/uv/python/cpython-3.13.15-linux-x86_64-gnu/lib/python3.13/socketserver.py", line 845, in write
    self._sock.sendall(b)
    ~~~~~~~~~~~~~~~~~~^^^
BrokenPipeError: [Errno 32] Broken pipe
----------------------------------------
----------------------------------------
Exception occurred during processing of request from ('100.90.156.46', 51345)
Traceback (most recent call last):
  File "/home/colby/.local/share/uv/python/cpython-3.13.15-linux-x86_64-gnu/lib/python3.13/socketserver.py", line 697, in process_request_thread
    self.finish_request(request, client_address)
    ~~~~~~~~~~~~~~~~~~~^^^^^^^^^^^^^^^^^^^^^^^^^
  File "/home/colby/.local/share/uv/python/cpython-3.13.15-linux-x86_64-gnu/lib/python3.13/socketserver.py", line 362, in finish_request
    self.RequestHandlerClass(request, client_address, self)
    ~~~~~~~~~~~~~~~~~~~~~~~~^^^^^^^^^^^^^^^^^^^^^^^^^^^^^^^
  File "/home/colby/.local/share/uv/python/cpython-3.13.15-linux-x86_64-gnu/lib/python3.13/socketserver.py", line 766, in __init__
    self.handle()
    ~~~~~~~~~~~^^
  File "/home/colby/.local/share/uv/python/cpython-3.13.15-linux-x86_64-gnu/lib/python3.13/http/server.py", line 451, in handle
    self.handle_one_request()
    ~~~~~~~~~~~~~~~~~~~~~~~^^
  File "/home/colby/.local/share/uv/python/cpython-3.13.15-linux-x86_64-gnu/lib/python3.13/http/server.py", line 439, in handle_one_request
    method()
    ~~~~~~^^
  File "/home/colby/MediaSynthesis/headless-dj/web.py", line 83, in do_GET
    self._send_flac(f)
    ~~~~~~~~~~~~~~~^^^
  File "/home/colby/MediaSynthesis/headless-dj/web.py", line 111, in _send_flac
    self.wfile.write(chunk)
    ~~~~~~~~~~~~~~~~^^^^^^^
  File "/home/colby/.local/share/uv/python/cpython-3.13.15-linux-x86_64-gnu/lib/python3.13/socketserver.py", line 845, in write
    self._sock.sendall(b)
    ~~~~~~~~~~~~~~~~~~^^^
BrokenPipeError: [Errno 32] Broken pipe
----------------------------------------
----------------------------------------
Exception occurred during processing of request from ('100.90.156.46', 60459)
Traceback (most recent call last):
  File "/home/colby/.local/share/uv/python/cpython-3.13.15-linux-x86_64-gnu/lib/python3.13/socketserver.py", line 697, in process_request_thread
    self.finish_request(request, client_address)
    ~~~~~~~~~~~~~~~~~~~^^^^^^^^^^^^^^^^^^^^^^^^^
  File "/home/colby/.local/share/uv/python/cpython-3.13.15-linux-x86_64-gnu/lib/python3.13/socketserver.py", line 362, in finish_request
    self.RequestHandlerClass(request, client_address, self)
    ~~~~~~~~~~~~~~~~~~~~~~~~^^^^^^^^^^^^^^^^^^^^^^^^^^^^^^^
  File "/home/colby/.local/share/uv/python/cpython-3.13.15-linux-x86_64-gnu/lib/python3.13/socketserver.py", line 766, in __init__
    self.handle()
    ~~~~~~~~~~~^^
  File "/home/colby/.local/share/uv/python/cpython-3.13.15-linux-x86_64-gnu/lib/python3.13/http/server.py", line 451, in handle
    self.handle_one_request()
    ~~~~~~~~~~~~~~~~~~~~~~~^^
  File "/home/colby/.local/share/uv/python/cpython-3.13.15-linux-x86_64-gnu/lib/python3.13/http/server.py", line 439, in handle_one_request
    method()
    ~~~~~~^^
  File "/home/colby/MediaSynthesis/headless-dj/web.py", line 83, in do_GET
    self._send_flac(f)
    ~~~~~~~~~~~~~~~^^^
  File "/home/colby/MediaSynthesis/headless-dj/web.py", line 111, in _send_flac
    self.wfile.write(chunk)
    ~~~~~~~~~~~~~~~~^^^^^^^
  File "/home/colby/.local/share/uv/python/cpython-3.13.15-linux-x86_64-gnu/lib/python3.13/socketserver.py", line 845, in write
    self._sock.sendall(b)
    ~~~~~~~~~~~~~~~~~~^^^
BrokenPipeError: [Errno 32] Broken pipe
----------------------------------------
----------------------------------------
Exception occurred during processing of request from ('100.90.156.46', 50423)
Traceback (most recent call last):
  File "/home/colby/.local/share/uv/python/cpython-3.13.15-linux-x86_64-gnu/lib/python3.13/socketserver.py", line 697, in process_request_thread
    self.finish_request(request, client_address)
    ~~~~~~~~~~~~~~~~~~~^^^^^^^^^^^^^^^^^^^^^^^^^
  File "/home/colby/.local/share/uv/python/cpython-3.13.15-linux-x86_64-gnu/lib/python3.13/socketserver.py", line 362, in finish_request
    self.RequestHandlerClass(request, client_address, self)
    ~~~~~~~~~~~~~~~~~~~~~~~~^^^^^^^^^^^^^^^^^^^^^^^^^^^^^^^
  File "/home/colby/.local/share/uv/python/cpython-3.13.15-linux-x86_64-gnu/lib/python3.13/socketserver.py", line 766, in __init__
    self.handle()
    ~~~~~~~~~~~^^
  File "/home/colby/.local/share/uv/python/cpython-3.13.15-linux-x86_64-gnu/lib/python3.13/http/server.py", line 451, in handle
    self.handle_one_request()
    ~~~~~~~~~~~~~~~~~~~~~~~^^
  File "/home/colby/.local/share/uv/python/cpython-3.13.15-linux-x86_64-gnu/lib/python3.13/http/server.py", line 439, in handle_one_request
    method()
    ~~~~~~^^
  File "/home/colby/MediaSynthesis/headless-dj/web.py", line 83, in do_GET
    self._send_flac(f)
    ~~~~~~~~~~~~~~~^^^
  File "/home/colby/MediaSynthesis/headless-dj/web.py", line 111, in _send_flac
    self.wfile.write(chunk)
    ~~~~~~~~~~~~~~~~^^^^^^^
  File "/home/colby/.local/share/uv/python/cpython-3.13.15-linux-x86_64-gnu/lib/python3.13/socketserver.py", line 845, in write
    self._sock.sendall(b)
    ~~~~~~~~~~~~~~~~~~^^^
BrokenPipeError: [Errno 32] Broken pipe
----------------------------------------
----------------------------------------
Exception occurred during processing of request from ('100.90.156.46', 59057)
Traceback (most recent call last):
  File "/home/colby/.local/share/uv/python/cpython-3.13.15-linux-x86_64-gnu/lib/python3.13/socketserver.py", line 697, in process_request_thread
    self.finish_request(request, client_address)
    ~~~~~~~~~~~~~~~~~~~^^^^^^^^^^^^^^^^^^^^^^^^^
  File "/home/colby/.local/share/uv/python/cpython-3.13.15-linux-x86_64-gnu/lib/python3.13/socketserver.py", line 362, in finish_request
    self.RequestHandlerClass(request, client_address, self)
    ~~~~~~~~~~~~~~~~~~~~~~~~^^^^^^^^^^^^^^^^^^^^^^^^^^^^^^^
  File "/home/colby/.local/share/uv/python/cpython-3.13.15-linux-x86_64-gnu/lib/python3.13/socketserver.py", line 766, in __init__
    self.handle()
    ~~~~~~~~~~~^^
  File "/home/colby/.local/share/uv/python/cpython-3.13.15-linux-x86_64-gnu/lib/python3.13/http/server.py", line 451, in handle
    self.handle_one_request()
    ~~~~~~~~~~~~~~~~~~~~~~~^^
  File "/home/colby/.local/share/uv/python/cpython-3.13.15-linux-x86_64-gnu/lib/python3.13/http/server.py", line 439, in handle_one_request
    method()
    ~~~~~~^^
  File "/home/colby/MediaSynthesis/headless-dj/web.py", line 83, in do_GET
    self._send_flac(f)
    ~~~~~~~~~~~~~~~^^^
  File "/home/colby/MediaSynthesis/headless-dj/web.py", line 111, in _send_flac
    self.wfile.write(chunk)
    ~~~~~~~~~~~~~~~~^^^^^^^
  File "/home/colby/.local/share/uv/python/cpython-3.13.15-linux-x86_64-gnu/lib/python3.13/socketserver.py", line 845, in write
    self._sock.sendall(b)
    ~~~~~~~~~~~~~~~~~~^^^
BrokenPipeError: [Errno 32] Broken pipe
----------------------------------------
----------------------------------------
Exception occurred during processing of request from ('100.90.156.46', 60497)
Traceback (most recent call last):
  File "/home/colby/.local/share/uv/python/cpython-3.13.15-linux-x86_64-gnu/lib/python3.13/socketserver.py", line 697, in process_request_thread
    self.finish_request(request, client_address)
    ~~~~~~~~~~~~~~~~~~~^^^^^^^^^^^^^^^^^^^^^^^^^
  File "/home/colby/.local/share/uv/python/cpython-3.13.15-linux-x86_64-gnu/lib/python3.13/socketserver.py", line 362, in finish_request
    self.RequestHandlerClass(request, client_address, self)
    ~~~~~~~~~~~~~~~~~~~~~~~~^^^^^^^^^^^^^^^^^^^^^^^^^^^^^^^
  File "/home/colby/.local/share/uv/python/cpython-3.13.15-linux-x86_64-gnu/lib/python3.13/socketserver.py", line 766, in __init__
    self.handle()
    ~~~~~~~~~~~^^
  File "/home/colby/.local/share/uv/python/cpython-3.13.15-linux-x86_64-gnu/lib/python3.13/http/server.py", line 451, in handle
    self.handle_one_request()
    ~~~~~~~~~~~~~~~~~~~~~~~^^
  File "/home/colby/.local/share/uv/python/cpython-3.13.15-linux-x86_64-gnu/lib/python3.13/http/server.py", line 439, in handle_one_request
    method()
    ~~~~~~^^
  File "/home/colby/MediaSynthesis/headless-dj/web.py", line 83, in do_GET
    self._send_flac(f)
    ~~~~~~~~~~~~~~~^^^
  File "/home/colby/MediaSynthesis/headless-dj/web.py", line 111, in _send_flac
    self.wfile.write(chunk)
    ~~~~~~~~~~~~~~~~^^^^^^^
  File "/home/colby/.local/share/uv/python/cpython-3.13.15-linux-x86_64-gnu/lib/python3.13/socketserver.py", line 845, in write
    self._sock.sendall(b)
    ~~~~~~~~~~~~~~~~~~^^^
BrokenPipeError: [Errno 32] Broken pipe
----------------------------------------
----------------------------------------
Exception occurred during processing of request from ('100.90.156.46', 56929)
Traceback (most recent call last):
  File "/home/colby/.local/share/uv/python/cpython-3.13.15-linux-x86_64-gnu/lib/python3.13/socketserver.py", line 697, in process_request_thread
    self.finish_request(request, client_address)
    ~~~~~~~~~~~~~~~~~~~^^^^^^^^^^^^^^^^^^^^^^^^^
  File "/home/colby/.local/share/uv/python/cpython-3.13.15-linux-x86_64-gnu/lib/python3.13/socketserver.py", line 362, in finish_request
    self.RequestHandlerClass(request, client_address, self)
    ~~~~~~~~~~~~~~~~~~~~~~~~^^^^^^^^^^^^^^^^^^^^^^^^^^^^^^^
  File "/home/colby/.local/share/uv/python/cpython-3.13.15-linux-x86_64-gnu/lib/python3.13/socketserver.py", line 766, in __init__
    self.handle()
    ~~~~~~~~~~~^^
  File "/home/colby/.local/share/uv/python/cpython-3.13.15-linux-x86_64-gnu/lib/python3.13/http/server.py", line 451, in handle
    self.handle_one_request()
    ~~~~~~~~~~~~~~~~~~~~~~~^^
  File "/home/colby/.local/share/uv/python/cpython-3.13.15-linux-x86_64-gnu/lib/python3.13/http/server.py", line 439, in handle_one_request
    method()
    ~~~~~~^^
  File "/home/colby/MediaSynthesis/headless-dj/web.py", line 83, in do_GET
    self._send_flac(f)
    ~~~~~~~~~~~~~~~^^^
  File "/home/colby/MediaSynthesis/headless-dj/web.py", line 111, in _send_flac
    self.wfile.write(chunk)
    ~~~~~~~~~~~~~~~~^^^^^^^
  File "/home/colby/.local/share/uv/python/cpython-3.13.15-linux-x86_64-gnu/lib/python3.13/socketserver.py", line 845, in write
    self._sock.sendall(b)
    ~~~~~~~~~~~~~~~~~~^^^
BrokenPipeError: [Errno 32] Broken pipe
----------------------------------------
----------------------------------------
Exception occurred during processing of request from ('100.90.156.46', 57746)
Traceback (most recent call last):
  File "/home/colby/.local/share/uv/python/cpython-3.13.15-linux-x86_64-gnu/lib/python3.13/socketserver.py", line 697, in process_request_thread
    self.finish_request(request, client_address)
    ~~~~~~~~~~~~~~~~~~~^^^^^^^^^^^^^^^^^^^^^^^^^
  File "/home/colby/.local/share/uv/python/cpython-3.13.15-linux-x86_64-gnu/lib/python3.13/socketserver.py", line 362, in finish_request
    self.RequestHandlerClass(request, client_address, self)
    ~~~~~~~~~~~~~~~~~~~~~~~~^^^^^^^^^^^^^^^^^^^^^^^^^^^^^^^
  File "/home/colby/.local/share/uv/python/cpython-3.13.15-linux-x86_64-gnu/lib/python3.13/socketserver.py", line 766, in __init__
    self.handle()
    ~~~~~~~~~~~^^
  File "/home/colby/.local/share/uv/python/cpython-3.13.15-linux-x86_64-gnu/lib/python3.13/http/server.py", line 451, in handle
    self.handle_one_request()
    ~~~~~~~~~~~~~~~~~~~~~~~^^
  File "/home/colby/.local/share/uv/python/cpython-3.13.15-linux-x86_64-gnu/lib/python3.13/http/server.py", line 439, in handle_one_request
    method()
    ~~~~~~^^
  File "/home/colby/MediaSynthesis/headless-dj/web.py", line 83, in do_GET
    self._send_flac(f)
    ~~~~~~~~~~~~~~~^^^
  File "/home/colby/MediaSynthesis/headless-dj/web.py", line 111, in _send_flac
    self.wfile.write(chunk)
    ~~~~~~~~~~~~~~~~^^^^^^^
  File "/home/colby/.local/share/uv/python/cpython-3.13.15-linux-x86_64-gnu/lib/python3.13/socketserver.py", line 845, in write
    self._sock.sendall(b)
    ~~~~~~~~~~~~~~~~~~^^^
BrokenPipeError: [Errno 32] Broken pipe
----------------------------------------
----------------------------------------
Exception occurred during processing of request from ('100.90.156.46', 49346)
Traceback (most recent call last):
  File "/home/colby/.local/share/uv/python/cpython-3.13.15-linux-x86_64-gnu/lib/python3.13/socketserver.py", line 697, in process_request_thread
    self.finish_request(request, client_address)
    ~~~~~~~~~~~~~~~~~~~^^^^^^^^^^^^^^^^^^^^^^^^^
  File "/home/colby/.local/share/uv/python/cpython-3.13.15-linux-x86_64-gnu/lib/python3.13/socketserver.py", line 362, in finish_request
    self.RequestHandlerClass(request, client_address, self)
    ~~~~~~~~~~~~~~~~~~~~~~~~^^^^^^^^^^^^^^^^^^^^^^^^^^^^^^^
  File "/home/colby/.local/share/uv/python/cpython-3.13.15-linux-x86_64-gnu/lib/python3.13/socketserver.py", line 766, in __init__
    self.handle()
    ~~~~~~~~~~~^^
  File "/home/colby/.local/share/uv/python/cpython-3.13.15-linux-x86_64-gnu/lib/python3.13/http/server.py", line 451, in handle
    self.handle_one_request()
    ~~~~~~~~~~~~~~~~~~~~~~~^^
  File "/home/colby/.local/share/uv/python/cpython-3.13.15-linux-x86_64-gnu/lib/python3.13/http/server.py", line 439, in handle_one_request
    method()
    ~~~~~~^^
  File "/home/colby/MediaSynthesis/headless-dj/web.py", line 83, in do_GET
    self._send_flac(f)
    ~~~~~~~~~~~~~~~^^^
  File "/home/colby/MediaSynthesis/headless-dj/web.py", line 111, in _send_flac
    self.wfile.write(chunk)
    ~~~~~~~~~~~~~~~~^^^^^^^
  File "/home/colby/.local/share/uv/python/cpython-3.13.15-linux-x86_64-gnu/lib/python3.13/socketserver.py", line 845, in write
    self._sock.sendall(b)
    ~~~~~~~~~~~~~~~~~~^^^
BrokenPipeError: [Errno 32] Broken pipe
----------------------------------------
----------------------------------------
Exception occurred during processing of request from ('100.90.156.46', 53170)
Traceback (most recent call last):
  File "/home/colby/.local/share/uv/python/cpython-3.13.15-linux-x86_64-gnu/lib/python3.13/socketserver.py", line 697, in process_request_thread
    self.finish_request(request, client_address)
    ~~~~~~~~~~~~~~~~~~~^^^^^^^^^^^^^^^^^^^^^^^^^
  File "/home/colby/.local/share/uv/python/cpython-3.13.15-linux-x86_64-gnu/lib/python3.13/socketserver.py", line 362, in finish_request
    self.RequestHandlerClass(request, client_address, self)
    ~~~~~~~~~~~~~~~~~~~~~~~~^^^^^^^^^^^^^^^^^^^^^^^^^^^^^^^
  File "/home/colby/.local/share/uv/python/cpython-3.13.15-linux-x86_64-gnu/lib/python3.13/socketserver.py", line 766, in __init__
    self.handle()
    ~~~~~~~~~~~^^
  File "/home/colby/.local/share/uv/python/cpython-3.13.15-linux-x86_64-gnu/lib/python3.13/http/server.py", line 451, in handle
    self.handle_one_request()
    ~~~~~~~~~~~~~~~~~~~~~~~^^
  File "/home/colby/.local/share/uv/python/cpython-3.13.15-linux-x86_64-gnu/lib/python3.13/http/server.py", line 439, in handle_one_request
    method()
    ~~~~~~^^
  File "/home/colby/MediaSynthesis/headless-dj/web.py", line 83, in do_GET
    self._send_flac(f)
    ~~~~~~~~~~~~~~~^^^
  File "/home/colby/MediaSynthesis/headless-dj/web.py", line 111, in _send_flac
    self.wfile.write(chunk)
    ~~~~~~~~~~~~~~~~^^^^^^^
  File "/home/colby/.local/share/uv/python/cpython-3.13.15-linux-x86_64-gnu/lib/python3.13/socketserver.py", line 845, in write
    self._sock.sendall(b)
    ~~~~~~~~~~~~~~~~~~^^^
BrokenPipeError: [Errno 32] Broken pipe
----------------------------------------
----------------------------------------
Exception occurred during processing of request from ('100.90.156.46', 52445)
Traceback (most recent call last):
  File "/home/colby/.local/share/uv/python/cpython-3.13.15-linux-x86_64-gnu/lib/python3.13/socketserver.py", line 697, in process_request_thread
    self.finish_request(request, client_address)
    ~~~~~~~~~~~~~~~~~~~^^^^^^^^^^^^^^^^^^^^^^^^^
  File "/home/colby/.local/share/uv/python/cpython-3.13.15-linux-x86_64-gnu/lib/python3.13/socketserver.py", line 362, in finish_request
    self.RequestHandlerClass(request, client_address, self)
    ~~~~~~~~~~~~~~~~~~~~~~~~^^^^^^^^^^^^^^^^^^^^^^^^^^^^^^^
  File "/home/colby/.local/share/uv/python/cpython-3.13.15-linux-x86_64-gnu/lib/python3.13/socketserver.py", line 766, in __init__
    self.handle()
    ~~~~~~~~~~~^^
  File "/home/colby/.local/share/uv/python/cpython-3.13.15-linux-x86_64-gnu/lib/python3.13/http/server.py", line 451, in handle
    self.handle_one_request()
    ~~~~~~~~~~~~~~~~~~~~~~~^^
  File "/home/colby/.local/share/uv/python/cpython-3.13.15-linux-x86_64-gnu/lib/python3.13/http/server.py", line 439, in handle_one_request
    method()
    ~~~~~~^^
  File "/home/colby/MediaSynthesis/headless-dj/web.py", line 83, in do_GET
    self._send_flac(f)
    ~~~~~~~~~~~~~~~^^^
  File "/home/colby/MediaSynthesis/headless-dj/web.py", line 111, in _send_flac
    self.wfile.write(chunk)
    ~~~~~~~~~~~~~~~~^^^^^^^
  File "/home/colby/.local/share/uv/python/cpython-3.13.15-linux-x86_64-gnu/lib/python3.13/socketserver.py", line 845, in write
    self._sock.sendall(b)
    ~~~~~~~~~~~~~~~~~~^^^
BrokenPipeError: [Errno 32] Broken pipe
----------------------------------------
----------------------------------------
Exception occurred during processing of request from ('100.90.156.46', 65124)
Traceback (most recent call last):
  File "/home/colby/.local/share/uv/python/cpython-3.13.15-linux-x86_64-gnu/lib/python3.13/socketserver.py", line 697, in process_request_thread
    self.finish_request(request, client_address)
    ~~~~~~~~~~~~~~~~~~~^^^^^^^^^^^^^^^^^^^^^^^^^
  File "/home/colby/.local/share/uv/python/cpython-3.13.15-linux-x86_64-gnu/lib/python3.13/socketserver.py", line 362, in finish_request
    self.RequestHandlerClass(request, client_address, self)
    ~~~~~~~~~~~~~~~~~~~~~~~~^^^^^^^^^^^^^^^^^^^^^^^^^^^^^^^
  File "/home/colby/.local/share/uv/python/cpython-3.13.15-linux-x86_64-gnu/lib/python3.13/socketserver.py", line 766, in __init__
    self.handle()
    ~~~~~~~~~~~^^
  File "/home/colby/.local/share/uv/python/cpython-3.13.15-linux-x86_64-gnu/lib/python3.13/http/server.py", line 451, in handle
    self.handle_one_request()
    ~~~~~~~~~~~~~~~~~~~~~~~^^
  File "/home/colby/.local/share/uv/python/cpython-3.13.15-linux-x86_64-gnu/lib/python3.13/http/server.py", line 439, in handle_one_request
    method()
    ~~~~~~^^
  File "/home/colby/MediaSynthesis/headless-dj/web.py", line 83, in do_GET
    self._send_flac(f)
    ~~~~~~~~~~~~~~~^^^
  File "/home/colby/MediaSynthesis/headless-dj/web.py", line 111, in _send_flac
    self.wfile.write(chunk)
    ~~~~~~~~~~~~~~~~^^^^^^^
  File "/home/colby/.local/share/uv/python/cpython-3.13.15-linux-x86_64-gnu/lib/python3.13/socketserver.py", line 845, in write
    self._sock.sendall(b)
    ~~~~~~~~~~~~~~~~~~^^^
BrokenPipeError: [Errno 32] Broken pipe
----------------------------------------
----------------------------------------
Exception occurred during processing of request from ('100.90.156.46', 55591)
Traceback (most recent call last):
  File "/home/colby/.local/share/uv/python/cpython-3.13.15-linux-x86_64-gnu/lib/python3.13/socketserver.py", line 697, in process_request_thread
    self.finish_request(request, client_address)
    ~~~~~~~~~~~~~~~~~~~^^^^^^^^^^^^^^^^^^^^^^^^^
  File "/home/colby/.local/share/uv/python/cpython-3.13.15-linux-x86_64-gnu/lib/python3.13/socketserver.py", line 362, in finish_request
    self.RequestHandlerClass(request, client_address, self)
    ~~~~~~~~~~~~~~~~~~~~~~~~^^^^^^^^^^^^^^^^^^^^^^^^^^^^^^^
  File "/home/colby/.local/share/uv/python/cpython-3.13.15-linux-x86_64-gnu/lib/python3.13/socketserver.py", line 766, in __init__
    self.handle()
    ~~~~~~~~~~~^^
  File "/home/colby/.local/share/uv/python/cpython-3.13.15-linux-x86_64-gnu/lib/python3.13/http/server.py", line 451, in handle
    self.handle_one_request()
    ~~~~~~~~~~~~~~~~~~~~~~~^^
  File "/home/colby/.local/share/uv/python/cpython-3.13.15-linux-x86_64-gnu/lib/python3.13/http/server.py", line 439, in handle_one_request
    method()
    ~~~~~~^^
  File "/home/colby/MediaSynthesis/headless-dj/web.py", line 83, in do_GET
    self._send_flac(f)
    ~~~~~~~~~~~~~~~^^^
  File "/home/colby/MediaSynthesis/headless-dj/web.py", line 111, in _send_flac
    self.wfile.write(chunk)
    ~~~~~~~~~~~~~~~~^^^^^^^
  File "/home/colby/.local/share/uv/python/cpython-3.13.15-linux-x86_64-gnu/lib/python3.13/socketserver.py", line 845, in write
    self._sock.sendall(b)
    ~~~~~~~~~~~~~~~~~~^^^
BrokenPipeError: [Errno 32] Broken pipe
----------------------------------------
----------------------------------------
Exception occurred during processing of request from ('100.90.156.46', 58686)
Traceback (most recent call last):
  File "/home/colby/.local/share/uv/python/cpython-3.13.15-linux-x86_64-gnu/lib/python3.13/socketserver.py", line 697, in process_request_thread
    self.finish_request(request, client_address)
    ~~~~~~~~~~~~~~~~~~~^^^^^^^^^^^^^^^^^^^^^^^^^
  File "/home/colby/.local/share/uv/python/cpython-3.13.15-linux-x86_64-gnu/lib/python3.13/socketserver.py", line 362, in finish_request
    self.RequestHandlerClass(request, client_address, self)
    ~~~~~~~~~~~~~~~~~~~~~~~~^^^^^^^^^^^^^^^^^^^^^^^^^^^^^^^
  File "/home/colby/.local/share/uv/python/cpython-3.13.15-linux-x86_64-gnu/lib/python3.13/socketserver.py", line 766, in __init__
    self.handle()
    ~~~~~~~~~~~^^
  File "/home/colby/.local/share/uv/python/cpython-3.13.15-linux-x86_64-gnu/lib/python3.13/http/server.py", line 451, in handle
    self.handle_one_request()
    ~~~~~~~~~~~~~~~~~~~~~~~^^
  File "/home/colby/.local/share/uv/python/cpython-3.13.15-linux-x86_64-gnu/lib/python3.13/http/server.py", line 439, in handle_one_request
    method()
    ~~~~~~^^
  File "/home/colby/MediaSynthesis/headless-dj/web.py", line 83, in do_GET
    self._send_flac(f)
    ~~~~~~~~~~~~~~~^^^
  File "/home/colby/MediaSynthesis/headless-dj/web.py", line 111, in _send_flac
    self.wfile.write(chunk)
    ~~~~~~~~~~~~~~~~^^^^^^^
  File "/home/colby/.local/share/uv/python/cpython-3.13.15-linux-x86_64-gnu/lib/python3.13/socketserver.py", line 845, in write
    self._sock.sendall(b)
    ~~~~~~~~~~~~~~~~~~^^^
BrokenPipeError: [Errno 32] Broken pipe
----------------------------------------
----------------------------------------
Exception occurred during processing of request from ('100.90.156.46', 59241)
Traceback (most recent call last):
  File "/home/colby/.local/share/uv/python/cpython-3.13.15-linux-x86_64-gnu/lib/python3.13/socketserver.py", line 697, in process_request_thread
    self.finish_request(request, client_address)
    ~~~~~~~~~~~~~~~~~~~^^^^^^^^^^^^^^^^^^^^^^^^^
  File "/home/colby/.local/share/uv/python/cpython-3.13.15-linux-x86_64-gnu/lib/python3.13/socketserver.py", line 362, in finish_request
    self.RequestHandlerClass(request, client_address, self)
    ~~~~~~~~~~~~~~~~~~~~~~~~^^^^^^^^^^^^^^^^^^^^^^^^^^^^^^^
  File "/home/colby/.local/share/uv/python/cpython-3.13.15-linux-x86_64-gnu/lib/python3.13/socketserver.py", line 766, in __init__
    self.handle()
    ~~~~~~~~~~~^^
  File "/home/colby/.local/share/uv/python/cpython-3.13.15-linux-x86_64-gnu/lib/python3.13/http/server.py", line 451, in handle
    self.handle_one_request()
    ~~~~~~~~~~~~~~~~~~~~~~~^^
  File "/home/colby/.local/share/uv/python/cpython-3.13.15-linux-x86_64-gnu/lib/python3.13/http/server.py", line 439, in handle_one_request
    method()
    ~~~~~~^^
  File "/home/colby/MediaSynthesis/headless-dj/web.py", line 83, in do_GET
    self._send_flac(f)
    ~~~~~~~~~~~~~~~^^^
  File "/home/colby/MediaSynthesis/headless-dj/web.py", line 111, in _send_flac
    self.wfile.write(chunk)
    ~~~~~~~~~~~~~~~~^^^^^^^
  File "/home/colby/.local/share/uv/python/cpython-3.13.15-linux-x86_64-gnu/lib/python3.13/socketserver.py", line 845, in write
    self._sock.sendall(b)
    ~~~~~~~~~~~~~~~~~~^^^
BrokenPipeError: [Errno 32] Broken pipe
----------------------------------------
----------------------------------------
Exception occurred during processing of request from ('100.90.156.46', 57503)
Traceback (most recent call last):
  File "/home/colby/.local/share/uv/python/cpython-3.13.15-linux-x86_64-gnu/lib/python3.13/socketserver.py", line 697, in process_request_thread
    self.finish_request(request, client_address)
    ~~~~~~~~~~~~~~~~~~~^^^^^^^^^^^^^^^^^^^^^^^^^
  File "/home/colby/.local/share/uv/python/cpython-3.13.15-linux-x86_64-gnu/lib/python3.13/socketserver.py", line 362, in finish_request
    self.RequestHandlerClass(request, client_address, self)
    ~~~~~~~~~~~~~~~~~~~~~~~~^^^^^^^^^^^^^^^^^^^^^^^^^^^^^^^
  File "/home/colby/.local/share/uv/python/cpython-3.13.15-linux-x86_64-gnu/lib/python3.13/socketserver.py", line 766, in __init__
    self.handle()
    ~~~~~~~~~~~^^
  File "/home/colby/.local/share/uv/python/cpython-3.13.15-linux-x86_64-gnu/lib/python3.13/http/server.py", line 451, in handle
    self.handle_one_request()
    ~~~~~~~~~~~~~~~~~~~~~~~^^
  File "/home/colby/.local/share/uv/python/cpython-3.13.15-linux-x86_64-gnu/lib/python3.13/http/server.py", line 439, in handle_one_request
    method()
    ~~~~~~^^
  File "/home/colby/MediaSynthesis/headless-dj/web.py", line 83, in do_GET
    self._send_flac(f)
    ~~~~~~~~~~~~~~~^^^
  File "/home/colby/MediaSynthesis/headless-dj/web.py", line 111, in _send_flac
    self.wfile.write(chunk)
    ~~~~~~~~~~~~~~~~^^^^^^^
  File "/home/colby/.local/share/uv/python/cpython-3.13.15-linux-x86_64-gnu/lib/python3.13/socketserver.py", line 845, in write
    self._sock.sendall(b)
    ~~~~~~~~~~~~~~~~~~^^^
BrokenPipeError: [Errno 32] Broken pipe
----------------------------------------
----------------------------------------
Exception occurred during processing of request from ('100.90.156.46', 51347)
Traceback (most recent call last):
  File "/home/colby/.local/share/uv/python/cpython-3.13.15-linux-x86_64-gnu/lib/python3.13/socketserver.py", line 697, in process_request_thread
    self.finish_request(request, client_address)
    ~~~~~~~~~~~~~~~~~~~^^^^^^^^^^^^^^^^^^^^^^^^^
  File "/home/colby/.local/share/uv/python/cpython-3.13.15-linux-x86_64-gnu/lib/python3.13/socketserver.py", line 362, in finish_request
    self.RequestHandlerClass(request, client_address, self)
    ~~~~~~~~~~~~~~~~~~~~~~~~^^^^^^^^^^^^^^^^^^^^^^^^^^^^^^^
  File "/home/colby/.local/share/uv/python/cpython-3.13.15-linux-x86_64-gnu/lib/python3.13/socketserver.py", line 766, in __init__
    self.handle()
    ~~~~~~~~~~~^^
  File "/home/colby/.local/share/uv/python/cpython-3.13.15-linux-x86_64-gnu/lib/python3.13/http/server.py", line 451, in handle
    self.handle_one_request()
    ~~~~~~~~~~~~~~~~~~~~~~~^^
  File "/home/colby/.local/share/uv/python/cpython-3.13.15-linux-x86_64-gnu/lib/python3.13/http/server.py", line 439, in handle_one_request
    method()
    ~~~~~~^^
  File "/home/colby/MediaSynthesis/headless-dj/web.py", line 83, in do_GET
    self._send_flac(f)
    ~~~~~~~~~~~~~~~^^^
  File "/home/colby/MediaSynthesis/headless-dj/web.py", line 111, in _send_flac
    self.wfile.write(chunk)
    ~~~~~~~~~~~~~~~~^^^^^^^
  File "/home/colby/.local/share/uv/python/cpython-3.13.15-linux-x86_64-gnu/lib/python3.13/socketserver.py", line 845, in write
    self._sock.sendall(b)
    ~~~~~~~~~~~~~~~~~~^^^
BrokenPipeError: [Errno 32] Broken pipe
----------------------------------------
----------------------------------------
Exception occurred during processing of request from ('100.90.156.46', 55373)
Traceback (most recent call last):
  File "/home/colby/.local/share/uv/python/cpython-3.13.15-linux-x86_64-gnu/lib/python3.13/socketserver.py", line 697, in process_request_thread
    self.finish_request(request, client_address)
    ~~~~~~~~~~~~~~~~~~~^^^^^^^^^^^^^^^^^^^^^^^^^
  File "/home/colby/.local/share/uv/python/cpython-3.13.15-linux-x86_64-gnu/lib/python3.13/socketserver.py", line 362, in finish_request
    self.RequestHandlerClass(request, client_address, self)
    ~~~~~~~~~~~~~~~~~~~~~~~~^^^^^^^^^^^^^^^^^^^^^^^^^^^^^^^
  File "/home/colby/.local/share/uv/python/cpython-3.13.15-linux-x86_64-gnu/lib/python3.13/socketserver.py", line 766, in __init__
    self.handle()
    ~~~~~~~~~~~^^
  File "/home/colby/.local/share/uv/python/cpython-3.13.15-linux-x86_64-gnu/lib/python3.13/http/server.py", line 451, in handle
    self.handle_one_request()
    ~~~~~~~~~~~~~~~~~~~~~~~^^
  File "/home/colby/.local/share/uv/python/cpython-3.13.15-linux-x86_64-gnu/lib/python3.13/http/server.py", line 439, in handle_one_request
    method()
    ~~~~~~^^
  File "/home/colby/MediaSynthesis/headless-dj/web.py", line 83, in do_GET
    self._send_flac(f)
    ~~~~~~~~~~~~~~~^^^
  File "/home/colby/MediaSynthesis/headless-dj/web.py", line 111, in _send_flac
    self.wfile.write(chunk)
    ~~~~~~~~~~~~~~~~^^^^^^^
  File "/home/colby/.local/share/uv/python/cpython-3.13.15-linux-x86_64-gnu/lib/python3.13/socketserver.py", line 845, in write
    self._sock.sendall(b)
    ~~~~~~~~~~~~~~~~~~^^^
BrokenPipeError: [Errno 32] Broken pipe
----------------------------------------
----------------------------------------
Exception occurred during processing of request from ('100.90.156.46', 57244)
Traceback (most recent call last):
  File "/home/colby/.local/share/uv/python/cpython-3.13.15-linux-x86_64-gnu/lib/python3.13/socketserver.py", line 697, in process_request_thread
    self.finish_request(request, client_address)
    ~~~~~~~~~~~~~~~~~~~^^^^^^^^^^^^^^^^^^^^^^^^^
  File "/home/colby/.local/share/uv/python/cpython-3.13.15-linux-x86_64-gnu/lib/python3.13/socketserver.py", line 362, in finish_request
    self.RequestHandlerClass(request, client_address, self)
    ~~~~~~~~~~~~~~~~~~~~~~~~^^^^^^^^^^^^^^^^^^^^^^^^^^^^^^^
  File "/home/colby/.local/share/uv/python/cpython-3.13.15-linux-x86_64-gnu/lib/python3.13/socketserver.py", line 766, in __init__
    self.handle()
    ~~~~~~~~~~~^^
  File "/home/colby/.local/share/uv/python/cpython-3.13.15-linux-x86_64-gnu/lib/python3.13/http/server.py", line 451, in handle
    self.handle_one_request()
    ~~~~~~~~~~~~~~~~~~~~~~~^^
  File "/home/colby/.local/share/uv/python/cpython-3.13.15-linux-x86_64-gnu/lib/python3.13/http/server.py", line 439, in handle_one_request
    method()
    ~~~~~~^^
  File "/home/colby/MediaSynthesis/headless-dj/web.py", line 83, in do_GET
    self._send_flac(f)
    ~~~~~~~~~~~~~~~^^^
  File "/home/colby/MediaSynthesis/headless-dj/web.py", line 111, in _send_flac
    self.wfile.write(chunk)
    ~~~~~~~~~~~~~~~~^^^^^^^
  File "/home/colby/.local/share/uv/python/cpython-3.13.15-linux-x86_64-gnu/lib/python3.13/socketserver.py", line 845, in write
    self._sock.sendall(b)
    ~~~~~~~~~~~~~~~~~~^^^
BrokenPipeError: [Errno 32] Broken pipe
----------------------------------------
----------------------------------------
Exception occurred during processing of request from ('100.90.156.46', 61615)
Traceback (most recent call last):
  File "/home/colby/.local/share/uv/python/cpython-3.13.15-linux-x86_64-gnu/lib/python3.13/socketserver.py", line 697, in process_request_thread
    self.finish_request(request, client_address)
    ~~~~~~~~~~~~~~~~~~~^^^^^^^^^^^^^^^^^^^^^^^^^
  File "/home/colby/.local/share/uv/python/cpython-3.13.15-linux-x86_64-gnu/lib/python3.13/socketserver.py", line 362, in finish_request
    self.RequestHandlerClass(request, client_address, self)
    ~~~~~~~~~~~~~~~~~~~~~~~~^^^^^^^^^^^^^^^^^^^^^^^^^^^^^^^
  File "/home/colby/.local/share/uv/python/cpython-3.13.15-linux-x86_64-gnu/lib/python3.13/socketserver.py", line 766, in __init__
    self.handle()
    ~~~~~~~~~~~^^
  File "/home/colby/.local/share/uv/python/cpython-3.13.15-linux-x86_64-gnu/lib/python3.13/http/server.py", line 451, in handle
    self.handle_one_request()
    ~~~~~~~~~~~~~~~~~~~~~~~^^
  File "/home/colby/.local/share/uv/python/cpython-3.13.15-linux-x86_64-gnu/lib/python3.13/http/server.py", line 439, in handle_one_request
    method()
    ~~~~~~^^
  File "/home/colby/MediaSynthesis/headless-dj/web.py", line 83, in do_GET
    self._send_flac(f)
    ~~~~~~~~~~~~~~~^^^
  File "/home/colby/MediaSynthesis/headless-dj/web.py", line 111, in _send_flac
    self.wfile.write(chunk)
    ~~~~~~~~~~~~~~~~^^^^^^^
  File "/home/colby/.local/share/uv/python/cpython-3.13.15-linux-x86_64-gnu/lib/python3.13/socketserver.py", line 845, in write
    self._sock.sendall(b)
    ~~~~~~~~~~~~~~~~~~^^^
BrokenPipeError: [Errno 32] Broken pipe
----------------------------------------
----------------------------------------
Exception occurred during processing of request from ('100.90.156.46', 56419)
Traceback (most recent call last):
  File "/home/colby/.local/share/uv/python/cpython-3.13.15-linux-x86_64-gnu/lib/python3.13/socketserver.py", line 697, in process_request_thread
    self.finish_request(request, client_address)
    ~~~~~~~~~~~~~~~~~~~^^^^^^^^^^^^^^^^^^^^^^^^^
  File "/home/colby/.local/share/uv/python/cpython-3.13.15-linux-x86_64-gnu/lib/python3.13/socketserver.py", line 362, in finish_request
    self.RequestHandlerClass(request, client_address, self)
    ~~~~~~~~~~~~~~~~~~~~~~~~^^^^^^^^^^^^^^^^^^^^^^^^^^^^^^^
  File "/home/colby/.local/share/uv/python/cpython-3.13.15-linux-x86_64-gnu/lib/python3.13/socketserver.py", line 766, in __init__
    self.handle()
    ~~~~~~~~~~~^^
  File "/home/colby/.local/share/uv/python/cpython-3.13.15-linux-x86_64-gnu/lib/python3.13/http/server.py", line 451, in handle
    self.handle_one_request()
    ~~~~~~~~~~~~~~~~~~~~~~~^^
  File "/home/colby/.local/share/uv/python/cpython-3.13.15-linux-x86_64-gnu/lib/python3.13/http/server.py", line 439, in handle_one_request
    method()
    ~~~~~~^^
  File "/home/colby/MediaSynthesis/headless-dj/web.py", line 83, in do_GET
    self._send_flac(f)
    ~~~~~~~~~~~~~~~^^^
  File "/home/colby/MediaSynthesis/headless-dj/web.py", line 111, in _send_flac
    self.wfile.write(chunk)
    ~~~~~~~~~~~~~~~~^^^^^^^
  File "/home/colby/.local/share/uv/python/cpython-3.13.15-linux-x86_64-gnu/lib/python3.13/socketserver.py", line 845, in write
    self._sock.sendall(b)
    ~~~~~~~~~~~~~~~~~~^^^
BrokenPipeError: [Errno 32] Broken pipe
----------------------------------------
----------------------------------------
Exception occurred during processing of request from ('100.90.156.46', 58574)
Traceback (most recent call last):
  File "/home/colby/.local/share/uv/python/cpython-3.13.15-linux-x86_64-gnu/lib/python3.13/socketserver.py", line 697, in process_request_thread
    self.finish_request(request, client_address)
    ~~~~~~~~~~~~~~~~~~~^^^^^^^^^^^^^^^^^^^^^^^^^
  File "/home/colby/.local/share/uv/python/cpython-3.13.15-linux-x86_64-gnu/lib/python3.13/socketserver.py", line 362, in finish_request
    self.RequestHandlerClass(request, client_address, self)
    ~~~~~~~~~~~~~~~~~~~~~~~~^^^^^^^^^^^^^^^^^^^^^^^^^^^^^^^
  File "/home/colby/.local/share/uv/python/cpython-3.13.15-linux-x86_64-gnu/lib/python3.13/socketserver.py", line 766, in __init__
    self.handle()
    ~~~~~~~~~~~^^
  File "/home/colby/.local/share/uv/python/cpython-3.13.15-linux-x86_64-gnu/lib/python3.13/http/server.py", line 451, in handle
    self.handle_one_request()
    ~~~~~~~~~~~~~~~~~~~~~~~^^
  File "/home/colby/.local/share/uv/python/cpython-3.13.15-linux-x86_64-gnu/lib/python3.13/http/server.py", line 439, in handle_one_request
    method()
    ~~~~~~^^
  File "/home/colby/MediaSynthesis/headless-dj/web.py", line 83, in do_GET
    self._send_flac(f)
    ~~~~~~~~~~~~~~~^^^
  File "/home/colby/MediaSynthesis/headless-dj/web.py", line 111, in _send_flac
    self.wfile.write(chunk)
    ~~~~~~~~~~~~~~~~^^^^^^^
  File "/home/colby/.local/share/uv/python/cpython-3.13.15-linux-x86_64-gnu/lib/python3.13/socketserver.py", line 845, in write
    self._sock.sendall(b)
    ~~~~~~~~~~~~~~~~~~^^^
BrokenPipeError: [Errno 32] Broken pipe
----------------------------------------
----------------------------------------
Exception occurred during processing of request from ('100.90.156.46', 55048)
Traceback (most recent call last):
  File "/home/colby/.local/share/uv/python/cpython-3.13.15-linux-x86_64-gnu/lib/python3.13/socketserver.py", line 697, in process_request_thread
    self.finish_request(request, client_address)
    ~~~~~~~~~~~~~~~~~~~^^^^^^^^^^^^^^^^^^^^^^^^^
  File "/home/colby/.local/share/uv/python/cpython-3.13.15-linux-x86_64-gnu/lib/python3.13/socketserver.py", line 362, in finish_request
    self.RequestHandlerClass(request, client_address, self)
    ~~~~~~~~~~~~~~~~~~~~~~~~^^^^^^^^^^^^^^^^^^^^^^^^^^^^^^^
  File "/home/colby/.local/share/uv/python/cpython-3.13.15-linux-x86_64-gnu/lib/python3.13/socketserver.py", line 766, in __init__
    self.handle()
    ~~~~~~~~~~~^^
  File "/home/colby/.local/share/uv/python/cpython-3.13.15-linux-x86_64-gnu/lib/python3.13/http/server.py", line 451, in handle
    self.handle_one_request()
    ~~~~~~~~~~~~~~~~~~~~~~~^^
  File "/home/colby/.local/share/uv/python/cpython-3.13.15-linux-x86_64-gnu/lib/python3.13/http/server.py", line 439, in handle_one_request
    method()
    ~~~~~~^^
  File "/home/colby/MediaSynthesis/headless-dj/web.py", line 83, in do_GET
    self._send_flac(f)
    ~~~~~~~~~~~~~~~^^^
  File "/home/colby/MediaSynthesis/headless-dj/web.py", line 111, in _send_flac
    self.wfile.write(chunk)
    ~~~~~~~~~~~~~~~~^^^^^^^
  File "/home/colby/.local/share/uv/python/cpython-3.13.15-linux-x86_64-gnu/lib/python3.13/socketserver.py", line 845, in write
    self._sock.sendall(b)
    ~~~~~~~~~~~~~~~~~~^^^
BrokenPipeError: [Errno 32] Broken pipe
----------------------------------------
----------------------------------------
Exception occurred during processing of request from ('100.90.156.46', 51863)
Traceback (most recent call last):
  File "/home/colby/.local/share/uv/python/cpython-3.13.15-linux-x86_64-gnu/lib/python3.13/socketserver.py", line 697, in process_request_thread
    self.finish_request(request, client_address)
    ~~~~~~~~~~~~~~~~~~~^^^^^^^^^^^^^^^^^^^^^^^^^
  File "/home/colby/.local/share/uv/python/cpython-3.13.15-linux-x86_64-gnu/lib/python3.13/socketserver.py", line 362, in finish_request
    self.RequestHandlerClass(request, client_address, self)
    ~~~~~~~~~~~~~~~~~~~~~~~~^^^^^^^^^^^^^^^^^^^^^^^^^^^^^^^
  File "/home/colby/.local/share/uv/python/cpython-3.13.15-linux-x86_64-gnu/lib/python3.13/socketserver.py", line 766, in __init__
    self.handle()
    ~~~~~~~~~~~^^
  File "/home/colby/.local/share/uv/python/cpython-3.13.15-linux-x86_64-gnu/lib/python3.13/http/server.py", line 451, in handle
    self.handle_one_request()
    ~~~~~~~~~~~~~~~~~~~~~~~^^
  File "/home/colby/.local/share/uv/python/cpython-3.13.15-linux-x86_64-gnu/lib/python3.13/http/server.py", line 439, in handle_one_request
    method()
    ~~~~~~^^
  File "/home/colby/MediaSynthesis/headless-dj/web.py", line 83, in do_GET
    self._send_flac(f)
    ~~~~~~~~~~~~~~~^^^
  File "/home/colby/MediaSynthesis/headless-dj/web.py", line 111, in _send_flac
    self.wfile.write(chunk)
    ~~~~~~~~~~~~~~~~^^^^^^^
  File "/home/colby/.local/share/uv/python/cpython-3.13.15-linux-x86_64-gnu/lib/python3.13/socketserver.py", line 845, in write
    self._sock.sendall(b)
    ~~~~~~~~~~~~~~~~~~^^^
BrokenPipeError: [Errno 32] Broken pipe
----------------------------------------
----------------------------------------
Exception occurred during processing of request from ('100.90.156.46', 53842)
Traceback (most recent call last):
  File "/home/colby/.local/share/uv/python/cpython-3.13.15-linux-x86_64-gnu/lib/python3.13/socketserver.py", line 697, in process_request_thread
    self.finish_request(request, client_address)
    ~~~~~~~~~~~~~~~~~~~^^^^^^^^^^^^^^^^^^^^^^^^^
  File "/home/colby/.local/share/uv/python/cpython-3.13.15-linux-x86_64-gnu/lib/python3.13/socketserver.py", line 362, in finish_request
    self.RequestHandlerClass(request, client_address, self)
    ~~~~~~~~~~~~~~~~~~~~~~~~^^^^^^^^^^^^^^^^^^^^^^^^^^^^^^^
  File "/home/colby/.local/share/uv/python/cpython-3.13.15-linux-x86_64-gnu/lib/python3.13/socketserver.py", line 766, in __init__
    self.handle()
    ~~~~~~~~~~~^^
  File "/home/colby/.local/share/uv/python/cpython-3.13.15-linux-x86_64-gnu/lib/python3.13/http/server.py", line 451, in handle
    self.handle_one_request()
    ~~~~~~~~~~~~~~~~~~~~~~~^^
  File "/home/colby/.local/share/uv/python/cpython-3.13.15-linux-x86_64-gnu/lib/python3.13/http/server.py", line 439, in handle_one_request
    method()
    ~~~~~~^^
  File "/home/colby/MediaSynthesis/headless-dj/web.py", line 83, in do_GET
    self._send_flac(f)
    ~~~~~~~~~~~~~~~^^^
  File "/home/colby/MediaSynthesis/headless-dj/web.py", line 111, in _send_flac
    self.wfile.write(chunk)
    ~~~~~~~~~~~~~~~~^^^^^^^
  File "/home/colby/.local/share/uv/python/cpython-3.13.15-linux-x86_64-gnu/lib/python3.13/socketserver.py", line 845, in write
    self._sock.sendall(b)
    ~~~~~~~~~~~~~~~~~~^^^
BrokenPipeError: [Errno 32] Broken pipe
----------------------------------------
----------------------------------------
Exception occurred during processing of request from ('100.90.156.46', 51780)
Traceback (most recent call last):
  File "/home/colby/.local/share/uv/python/cpython-3.13.15-linux-x86_64-gnu/lib/python3.13/socketserver.py", line 697, in process_request_thread
    self.finish_request(request, client_address)
    ~~~~~~~~~~~~~~~~~~~^^^^^^^^^^^^^^^^^^^^^^^^^
  File "/home/colby/.local/share/uv/python/cpython-3.13.15-linux-x86_64-gnu/lib/python3.13/socketserver.py", line 362, in finish_request
    self.RequestHandlerClass(request, client_address, self)
    ~~~~~~~~~~~~~~~~~~~~~~~~^^^^^^^^^^^^^^^^^^^^^^^^^^^^^^^
  File "/home/colby/.local/share/uv/python/cpython-3.13.15-linux-x86_64-gnu/lib/python3.13/socketserver.py", line 766, in __init__
    self.handle()
    ~~~~~~~~~~~^^
  File "/home/colby/.local/share/uv/python/cpython-3.13.15-linux-x86_64-gnu/lib/python3.13/http/server.py", line 451, in handle
    self.handle_one_request()
    ~~~~~~~~~~~~~~~~~~~~~~~^^
  File "/home/colby/.local/share/uv/python/cpython-3.13.15-linux-x86_64-gnu/lib/python3.13/http/server.py", line 439, in handle_one_request
    method()
    ~~~~~~^^
  File "/home/colby/MediaSynthesis/headless-dj/web.py", line 83, in do_GET
    self._send_flac(f)
    ~~~~~~~~~~~~~~~^^^
  File "/home/colby/MediaSynthesis/headless-dj/web.py", line 111, in _send_flac
    self.wfile.write(chunk)
    ~~~~~~~~~~~~~~~~^^^^^^^
  File "/home/colby/.local/share/uv/python/cpython-3.13.15-linux-x86_64-gnu/lib/python3.13/socketserver.py", line 845, in write
    self._sock.sendall(b)
    ~~~~~~~~~~~~~~~~~~^^^
BrokenPipeError: [Errno 32] Broken pipe
----------------------------------------
----------------------------------------
Exception occurred during processing of request from ('100.90.156.46', 50311)
Traceback (most recent call last):
  File "/home/colby/.local/share/uv/python/cpython-3.13.15-linux-x86_64-gnu/lib/python3.13/socketserver.py", line 697, in process_request_thread
    self.finish_request(request, client_address)
    ~~~~~~~~~~~~~~~~~~~^^^^^^^^^^^^^^^^^^^^^^^^^
  File "/home/colby/.local/share/uv/python/cpython-3.13.15-linux-x86_64-gnu/lib/python3.13/socketserver.py", line 362, in finish_request
    self.RequestHandlerClass(request, client_address, self)
    ~~~~~~~~~~~~~~~~~~~~~~~~^^^^^^^^^^^^^^^^^^^^^^^^^^^^^^^
  File "/home/colby/.local/share/uv/python/cpython-3.13.15-linux-x86_64-gnu/lib/python3.13/socketserver.py", line 766, in __init__
    self.handle()
    ~~~~~~~~~~~^^
  File "/home/colby/.local/share/uv/python/cpython-3.13.15-linux-x86_64-gnu/lib/python3.13/http/server.py", line 451, in handle
    self.handle_one_request()
    ~~~~~~~~~~~~~~~~~~~~~~~^^
  File "/home/colby/.local/share/uv/python/cpython-3.13.15-linux-x86_64-gnu/lib/python3.13/http/server.py", line 439, in handle_one_request
    method()
    ~~~~~~^^
  File "/home/colby/MediaSynthesis/headless-dj/web.py", line 83, in do_GET
    self._send_flac(f)
    ~~~~~~~~~~~~~~~^^^
  File "/home/colby/MediaSynthesis/headless-dj/web.py", line 111, in _send_flac
    self.wfile.write(chunk)
    ~~~~~~~~~~~~~~~~^^^^^^^
  File "/home/colby/.local/share/uv/python/cpython-3.13.15-linux-x86_64-gnu/lib/python3.13/socketserver.py", line 845, in write
    self._sock.sendall(b)
    ~~~~~~~~~~~~~~~~~~^^^
BrokenPipeError: [Errno 32] Broken pipe
----------------------------------------
----------------------------------------
Exception occurred during processing of request from ('100.90.156.46', 54917)
Traceback (most recent call last):
  File "/home/colby/.local/share/uv/python/cpython-3.13.15-linux-x86_64-gnu/lib/python3.13/socketserver.py", line 697, in process_request_thread
    self.finish_request(request, client_address)
    ~~~~~~~~~~~~~~~~~~~^^^^^^^^^^^^^^^^^^^^^^^^^
  File "/home/colby/.local/share/uv/python/cpython-3.13.15-linux-x86_64-gnu/lib/python3.13/socketserver.py", line 362, in finish_request
    self.RequestHandlerClass(request, client_address, self)
    ~~~~~~~~~~~~~~~~~~~~~~~~^^^^^^^^^^^^^^^^^^^^^^^^^^^^^^^
  File "/home/colby/.local/share/uv/python/cpython-3.13.15-linux-x86_64-gnu/lib/python3.13/socketserver.py", line 766, in __init__
    self.handle()
    ~~~~~~~~~~~^^
  File "/home/colby/.local/share/uv/python/cpython-3.13.15-linux-x86_64-gnu/lib/python3.13/http/server.py", line 451, in handle
    self.handle_one_request()
    ~~~~~~~~~~~~~~~~~~~~~~~^^
  File "/home/colby/.local/share/uv/python/cpython-3.13.15-linux-x86_64-gnu/lib/python3.13/http/server.py", line 439, in handle_one_request
    method()
    ~~~~~~^^
  File "/home/colby/MediaSynthesis/headless-dj/web.py", line 83, in do_GET
    self._send_flac(f)
    ~~~~~~~~~~~~~~~^^^
  File "/home/colby/MediaSynthesis/headless-dj/web.py", line 111, in _send_flac
    self.wfile.write(chunk)
    ~~~~~~~~~~~~~~~~^^^^^^^
  File "/home/colby/.local/share/uv/python/cpython-3.13.15-linux-x86_64-gnu/lib/python3.13/socketserver.py", line 845, in write
    self._sock.sendall(b)
    ~~~~~~~~~~~~~~~~~~^^^
BrokenPipeError: [Errno 32] Broken pipe
----------------------------------------
----------------------------------------
Exception occurred during processing of request from ('100.90.156.46', 52361)
Traceback (most recent call last):
  File "/home/colby/.local/share/uv/python/cpython-3.13.15-linux-x86_64-gnu/lib/python3.13/socketserver.py", line 697, in process_request_thread
    self.finish_request(request, client_address)
    ~~~~~~~~~~~~~~~~~~~^^^^^^^^^^^^^^^^^^^^^^^^^
  File "/home/colby/.local/share/uv/python/cpython-3.13.15-linux-x86_64-gnu/lib/python3.13/socketserver.py", line 362, in finish_request
    self.RequestHandlerClass(request, client_address, self)
    ~~~~~~~~~~~~~~~~~~~~~~~~^^^^^^^^^^^^^^^^^^^^^^^^^^^^^^^
  File "/home/colby/.local/share/uv/python/cpython-3.13.15-linux-x86_64-gnu/lib/python3.13/socketserver.py", line 766, in __init__
    self.handle()
    ~~~~~~~~~~~^^
  File "/home/colby/.local/share/uv/python/cpython-3.13.15-linux-x86_64-gnu/lib/python3.13/http/server.py", line 451, in handle
    self.handle_one_request()
    ~~~~~~~~~~~~~~~~~~~~~~~^^
  File "/home/colby/.local/share/uv/python/cpython-3.13.15-linux-x86_64-gnu/lib/python3.13/http/server.py", line 439, in handle_one_request
    method()
    ~~~~~~^^
  File "/home/colby/MediaSynthesis/headless-dj/web.py", line 83, in do_GET
    self._send_flac(f)
    ~~~~~~~~~~~~~~~^^^
  File "/home/colby/MediaSynthesis/headless-dj/web.py", line 111, in _send_flac
    self.wfile.write(chunk)
    ~~~~~~~~~~~~~~~~^^^^^^^
  File "/home/colby/.local/share/uv/python/cpython-3.13.15-linux-x86_64-gnu/lib/python3.13/socketserver.py", line 845, in write
    self._sock.sendall(b)
    ~~~~~~~~~~~~~~~~~~^^^
BrokenPipeError: [Errno 32] Broken pipe
----------------------------------------
----------------------------------------
Exception occurred during processing of request from ('100.90.156.46', 50810)
Traceback (most recent call last):
  File "/home/colby/.local/share/uv/python/cpython-3.13.15-linux-x86_64-gnu/lib/python3.13/socketserver.py", line 697, in process_request_thread
    self.finish_request(request, client_address)
    ~~~~~~~~~~~~~~~~~~~^^^^^^^^^^^^^^^^^^^^^^^^^
  File "/home/colby/.local/share/uv/python/cpython-3.13.15-linux-x86_64-gnu/lib/python3.13/socketserver.py", line 362, in finish_request
    self.RequestHandlerClass(request, client_address, self)
    ~~~~~~~~~~~~~~~~~~~~~~~~^^^^^^^^^^^^^^^^^^^^^^^^^^^^^^^
  File "/home/colby/.local/share/uv/python/cpython-3.13.15-linux-x86_64-gnu/lib/python3.13/socketserver.py", line 766, in __init__
    self.handle()
    ~~~~~~~~~~~^^
  File "/home/colby/.local/share/uv/python/cpython-3.13.15-linux-x86_64-gnu/lib/python3.13/http/server.py", line 451, in handle
    self.handle_one_request()
    ~~~~~~~~~~~~~~~~~~~~~~~^^
  File "/home/colby/.local/share/uv/python/cpython-3.13.15-linux-x86_64-gnu/lib/python3.13/http/server.py", line 439, in handle_one_request
    method()
    ~~~~~~^^
  File "/home/colby/MediaSynthesis/headless-dj/web.py", line 83, in do_GET
    self._send_flac(f)
    ~~~~~~~~~~~~~~~^^^
  File "/home/colby/MediaSynthesis/headless-dj/web.py", line 111, in _send_flac
    self.wfile.write(chunk)
    ~~~~~~~~~~~~~~~~^^^^^^^
  File "/home/colby/.local/share/uv/python/cpython-3.13.15-linux-x86_64-gnu/lib/python3.13/socketserver.py", line 845, in write
    self._sock.sendall(b)
    ~~~~~~~~~~~~~~~~~~^^^
BrokenPipeError: [Errno 32] Broken pipe
----------------------------------------
----------------------------------------
Exception occurred during processing of request from ('100.90.156.46', 53212)
Traceback (most recent call last):
  File "/home/colby/.local/share/uv/python/cpython-3.13.15-linux-x86_64-gnu/lib/python3.13/socketserver.py", line 697, in process_request_thread
    self.finish_request(request, client_address)
    ~~~~~~~~~~~~~~~~~~~^^^^^^^^^^^^^^^^^^^^^^^^^
  File "/home/colby/.local/share/uv/python/cpython-3.13.15-linux-x86_64-gnu/lib/python3.13/socketserver.py", line 362, in finish_request
    self.RequestHandlerClass(request, client_address, self)
    ~~~~~~~~~~~~~~~~~~~~~~~~^^^^^^^^^^^^^^^^^^^^^^^^^^^^^^^
  File "/home/colby/.local/share/uv/python/cpython-3.13.15-linux-x86_64-gnu/lib/python3.13/socketserver.py", line 766, in __init__
    self.handle()
    ~~~~~~~~~~~^^
  File "/home/colby/.local/share/uv/python/cpython-3.13.15-linux-x86_64-gnu/lib/python3.13/http/server.py", line 451, in handle
    self.handle_one_request()
    ~~~~~~~~~~~~~~~~~~~~~~~^^
  File "/home/colby/.local/share/uv/python/cpython-3.13.15-linux-x86_64-gnu/lib/python3.13/http/server.py", line 439, in handle_one_request
    method()
    ~~~~~~^^
  File "/home/colby/MediaSynthesis/headless-dj/web.py", line 83, in do_GET
    self._send_flac(f)
    ~~~~~~~~~~~~~~~^^^
  File "/home/colby/MediaSynthesis/headless-dj/web.py", line 111, in _send_flac
    self.wfile.write(chunk)
    ~~~~~~~~~~~~~~~~^^^^^^^
  File "/home/colby/.local/share/uv/python/cpython-3.13.15-linux-x86_64-gnu/lib/python3.13/socketserver.py", line 845, in write
    self._sock.sendall(b)
    ~~~~~~~~~~~~~~~~~~^^^
BrokenPipeError: [Errno 32] Broken pipe
----------------------------------------
----------------------------------------
Exception occurred during processing of request from ('100.90.156.46', 59731)
Traceback (most recent call last):
  File "/home/colby/.local/share/uv/python/cpython-3.13.15-linux-x86_64-gnu/lib/python3.13/socketserver.py", line 697, in process_request_thread
    self.finish_request(request, client_address)
    ~~~~~~~~~~~~~~~~~~~^^^^^^^^^^^^^^^^^^^^^^^^^
  File "/home/colby/.local/share/uv/python/cpython-3.13.15-linux-x86_64-gnu/lib/python3.13/socketserver.py", line 362, in finish_request
    self.RequestHandlerClass(request, client_address, self)
    ~~~~~~~~~~~~~~~~~~~~~~~~^^^^^^^^^^^^^^^^^^^^^^^^^^^^^^^
  File "/home/colby/.local/share/uv/python/cpython-3.13.15-linux-x86_64-gnu/lib/python3.13/socketserver.py", line 766, in __init__
    self.handle()
    ~~~~~~~~~~~^^
  File "/home/colby/.local/share/uv/python/cpython-3.13.15-linux-x86_64-gnu/lib/python3.13/http/server.py", line 451, in handle
    self.handle_one_request()
    ~~~~~~~~~~~~~~~~~~~~~~~^^
  File "/home/colby/.local/share/uv/python/cpython-3.13.15-linux-x86_64-gnu/lib/python3.13/http/server.py", line 439, in handle_one_request
    method()
    ~~~~~~^^
  File "/home/colby/MediaSynthesis/headless-dj/web.py", line 83, in do_GET
    self._send_flac(f)
    ~~~~~~~~~~~~~~~^^^
  File "/home/colby/MediaSynthesis/headless-dj/web.py", line 111, in _send_flac
    self.wfile.write(chunk)
    ~~~~~~~~~~~~~~~~^^^^^^^
  File "/home/colby/.local/share/uv/python/cpython-3.13.15-linux-x86_64-gnu/lib/python3.13/socketserver.py", line 845, in write
    self._sock.sendall(b)
    ~~~~~~~~~~~~~~~~~~^^^
BrokenPipeError: [Errno 32] Broken pipe
----------------------------------------
----------------------------------------
Exception occurred during processing of request from ('100.90.156.46', 55512)
Traceback (most recent call last):
  File "/home/colby/.local/share/uv/python/cpython-3.13.15-linux-x86_64-gnu/lib/python3.13/socketserver.py", line 697, in process_request_thread
    self.finish_request(request, client_address)
    ~~~~~~~~~~~~~~~~~~~^^^^^^^^^^^^^^^^^^^^^^^^^
  File "/home/colby/.local/share/uv/python/cpython-3.13.15-linux-x86_64-gnu/lib/python3.13/socketserver.py", line 362, in finish_request
    self.RequestHandlerClass(request, client_address, self)
    ~~~~~~~~~~~~~~~~~~~~~~~~^^^^^^^^^^^^^^^^^^^^^^^^^^^^^^^
  File "/home/colby/.local/share/uv/python/cpython-3.13.15-linux-x86_64-gnu/lib/python3.13/socketserver.py", line 766, in __init__
    self.handle()
    ~~~~~~~~~~~^^
  File "/home/colby/.local/share/uv/python/cpython-3.13.15-linux-x86_64-gnu/lib/python3.13/http/server.py", line 451, in handle
    self.handle_one_request()
    ~~~~~~~~~~~~~~~~~~~~~~~^^
  File "/home/colby/.local/share/uv/python/cpython-3.13.15-linux-x86_64-gnu/lib/python3.13/http/server.py", line 439, in handle_one_request
    method()
    ~~~~~~^^
  File "/home/colby/MediaSynthesis/headless-dj/web.py", line 83, in do_GET
    self._send_flac(f)
    ~~~~~~~~~~~~~~~^^^
  File "/home/colby/MediaSynthesis/headless-dj/web.py", line 111, in _send_flac
    self.wfile.write(chunk)
    ~~~~~~~~~~~~~~~~^^^^^^^
  File "/home/colby/.local/share/uv/python/cpython-3.13.15-linux-x86_64-gnu/lib/python3.13/socketserver.py", line 845, in write
    self._sock.sendall(b)
    ~~~~~~~~~~~~~~~~~~^^^
BrokenPipeError: [Errno 32] Broken pipe
----------------------------------------
----------------------------------------
Exception occurred during processing of request from ('100.90.156.46', 58095)
Traceback (most recent call last):
  File "/home/colby/.local/share/uv/python/cpython-3.13.15-linux-x86_64-gnu/lib/python3.13/socketserver.py", line 697, in process_request_thread
    self.finish_request(request, client_address)
    ~~~~~~~~~~~~~~~~~~~^^^^^^^^^^^^^^^^^^^^^^^^^
  File "/home/colby/.local/share/uv/python/cpython-3.13.15-linux-x86_64-gnu/lib/python3.13/socketserver.py", line 362, in finish_request
    self.RequestHandlerClass(request, client_address, self)
    ~~~~~~~~~~~~~~~~~~~~~~~~^^^^^^^^^^^^^^^^^^^^^^^^^^^^^^^
  File "/home/colby/.local/share/uv/python/cpython-3.13.15-linux-x86_64-gnu/lib/python3.13/socketserver.py", line 766, in __init__
    self.handle()
    ~~~~~~~~~~~^^
  File "/home/colby/.local/share/uv/python/cpython-3.13.15-linux-x86_64-gnu/lib/python3.13/http/server.py", line 451, in handle
    self.handle_one_request()
    ~~~~~~~~~~~~~~~~~~~~~~~^^
  File "/home/colby/.local/share/uv/python/cpython-3.13.15-linux-x86_64-gnu/lib/python3.13/http/server.py", line 439, in handle_one_request
    method()
    ~~~~~~^^
  File "/home/colby/MediaSynthesis/headless-dj/web.py", line 83, in do_GET
    self._send_flac(f)
    ~~~~~~~~~~~~~~~^^^
  File "/home/colby/MediaSynthesis/headless-dj/web.py", line 111, in _send_flac
    self.wfile.write(chunk)
    ~~~~~~~~~~~~~~~~^^^^^^^
  File "/home/colby/.local/share/uv/python/cpython-3.13.15-linux-x86_64-gnu/lib/python3.13/socketserver.py", line 845, in write
    self._sock.sendall(b)
    ~~~~~~~~~~~~~~~~~~^^^
BrokenPipeError: [Errno 32] Broken pipe
----------------------------------------
----------------------------------------
Exception occurred during processing of request from ('100.90.156.46', 49509)
Traceback (most recent call last):
  File "/home/colby/.local/share/uv/python/cpython-3.13.15-linux-x86_64-gnu/lib/python3.13/socketserver.py", line 697, in process_request_thread
    self.finish_request(request, client_address)
    ~~~~~~~~~~~~~~~~~~~^^^^^^^^^^^^^^^^^^^^^^^^^
  File "/home/colby/.local/share/uv/python/cpython-3.13.15-linux-x86_64-gnu/lib/python3.13/socketserver.py", line 362, in finish_request
    self.RequestHandlerClass(request, client_address, self)
    ~~~~~~~~~~~~~~~~~~~~~~~~^^^^^^^^^^^^^^^^^^^^^^^^^^^^^^^
  File "/home/colby/.local/share/uv/python/cpython-3.13.15-linux-x86_64-gnu/lib/python3.13/socketserver.py", line 766, in __init__
    self.handle()
    ~~~~~~~~~~~^^
  File "/home/colby/.local/share/uv/python/cpython-3.13.15-linux-x86_64-gnu/lib/python3.13/http/server.py", line 451, in handle
    self.handle_one_request()
    ~~~~~~~~~~~~~~~~~~~~~~~^^
  File "/home/colby/.local/share/uv/python/cpython-3.13.15-linux-x86_64-gnu/lib/python3.13/http/server.py", line 439, in handle_one_request
    method()
    ~~~~~~^^
  File "/home/colby/MediaSynthesis/headless-dj/web.py", line 83, in do_GET
    self._send_flac(f)
    ~~~~~~~~~~~~~~~^^^
  File "/home/colby/MediaSynthesis/headless-dj/web.py", line 111, in _send_flac
    self.wfile.write(chunk)
    ~~~~~~~~~~~~~~~~^^^^^^^
  File "/home/colby/.local/share/uv/python/cpython-3.13.15-linux-x86_64-gnu/lib/python3.13/socketserver.py", line 845, in write
    self._sock.sendall(b)
    ~~~~~~~~~~~~~~~~~~^^^
BrokenPipeError: [Errno 32] Broken pipe
----------------------------------------
----------------------------------------
Exception occurred during processing of request from ('100.90.156.46', 52206)
Traceback (most recent call last):
  File "/home/colby/.local/share/uv/python/cpython-3.13.15-linux-x86_64-gnu/lib/python3.13/socketserver.py", line 697, in process_request_thread
    self.finish_request(request, client_address)
    ~~~~~~~~~~~~~~~~~~~^^^^^^^^^^^^^^^^^^^^^^^^^
  File "/home/colby/.local/share/uv/python/cpython-3.13.15-linux-x86_64-gnu/lib/python3.13/socketserver.py", line 362, in finish_request
    self.RequestHandlerClass(request, client_address, self)
    ~~~~~~~~~~~~~~~~~~~~~~~~^^^^^^^^^^^^^^^^^^^^^^^^^^^^^^^
  File "/home/colby/.local/share/uv/python/cpython-3.13.15-linux-x86_64-gnu/lib/python3.13/socketserver.py", line 766, in __init__
    self.handle()
    ~~~~~~~~~~~^^
  File "/home/colby/.local/share/uv/python/cpython-3.13.15-linux-x86_64-gnu/lib/python3.13/http/server.py", line 451, in handle
    self.handle_one_request()
    ~~~~~~~~~~~~~~~~~~~~~~~^^
  File "/home/colby/.local/share/uv/python/cpython-3.13.15-linux-x86_64-gnu/lib/python3.13/http/server.py", line 439, in handle_one_request
    method()
    ~~~~~~^^
  File "/home/colby/MediaSynthesis/headless-dj/web.py", line 83, in do_GET
    self._send_flac(f)
    ~~~~~~~~~~~~~~~^^^
  File "/home/colby/MediaSynthesis/headless-dj/web.py", line 111, in _send_flac
    self.wfile.write(chunk)
    ~~~~~~~~~~~~~~~~^^^^^^^
  File "/home/colby/.local/share/uv/python/cpython-3.13.15-linux-x86_64-gnu/lib/python3.13/socketserver.py", line 845, in write
    self._sock.sendall(b)
    ~~~~~~~~~~~~~~~~~~^^^
BrokenPipeError: [Errno 32] Broken pipe
----------------------------------------
----------------------------------------
Exception occurred during processing of request from ('100.90.156.46', 60151)
Traceback (most recent call last):
  File "/home/colby/.local/share/uv/python/cpython-3.13.15-linux-x86_64-gnu/lib/python3.13/socketserver.py", line 697, in process_request_thread
    self.finish_request(request, client_address)
    ~~~~~~~~~~~~~~~~~~~^^^^^^^^^^^^^^^^^^^^^^^^^
  File "/home/colby/.local/share/uv/python/cpython-3.13.15-linux-x86_64-gnu/lib/python3.13/socketserver.py", line 362, in finish_request
    self.RequestHandlerClass(request, client_address, self)
    ~~~~~~~~~~~~~~~~~~~~~~~~^^^^^^^^^^^^^^^^^^^^^^^^^^^^^^^
  File "/home/colby/.local/share/uv/python/cpython-3.13.15-linux-x86_64-gnu/lib/python3.13/socketserver.py", line 766, in __init__
    self.handle()
    ~~~~~~~~~~~^^
  File "/home/colby/.local/share/uv/python/cpython-3.13.15-linux-x86_64-gnu/lib/python3.13/http/server.py", line 451, in handle
    self.handle_one_request()
    ~~~~~~~~~~~~~~~~~~~~~~~^^
  File "/home/colby/.local/share/uv/python/cpython-3.13.15-linux-x86_64-gnu/lib/python3.13/http/server.py", line 439, in handle_one_request
    method()
    ~~~~~~^^
  File "/home/colby/MediaSynthesis/headless-dj/web.py", line 83, in do_GET
    self._send_flac(f)
    ~~~~~~~~~~~~~~~^^^
  File "/home/colby/MediaSynthesis/headless-dj/web.py", line 111, in _send_flac
    self.wfile.write(chunk)
    ~~~~~~~~~~~~~~~~^^^^^^^
  File "/home/colby/.local/share/uv/python/cpython-3.13.15-linux-x86_64-gnu/lib/python3.13/socketserver.py", line 845, in write
    self._sock.sendall(b)
    ~~~~~~~~~~~~~~~~~~^^^
BrokenPipeError: [Errno 32] Broken pipe
----------------------------------------
----------------------------------------
Exception occurred during processing of request from ('100.90.156.46', 50380)
Traceback (most recent call last):
  File "/home/colby/.local/share/uv/python/cpython-3.13.15-linux-x86_64-gnu/lib/python3.13/socketserver.py", line 697, in process_request_thread
    self.finish_request(request, client_address)
    ~~~~~~~~~~~~~~~~~~~^^^^^^^^^^^^^^^^^^^^^^^^^
  File "/home/colby/.local/share/uv/python/cpython-3.13.15-linux-x86_64-gnu/lib/python3.13/socketserver.py", line 362, in finish_request
    self.RequestHandlerClass(request, client_address, self)
    ~~~~~~~~~~~~~~~~~~~~~~~~^^^^^^^^^^^^^^^^^^^^^^^^^^^^^^^
  File "/home/colby/.local/share/uv/python/cpython-3.13.15-linux-x86_64-gnu/lib/python3.13/socketserver.py", line 766, in __init__
    self.handle()
    ~~~~~~~~~~~^^
  File "/home/colby/.local/share/uv/python/cpython-3.13.15-linux-x86_64-gnu/lib/python3.13/http/server.py", line 451, in handle
    self.handle_one_request()
    ~~~~~~~~~~~~~~~~~~~~~~~^^
  File "/home/colby/.local/share/uv/python/cpython-3.13.15-linux-x86_64-gnu/lib/python3.13/http/server.py", line 439, in handle_one_request
    method()
    ~~~~~~^^
  File "/home/colby/MediaSynthesis/headless-dj/web.py", line 83, in do_GET
    self._send_flac(f)
    ~~~~~~~~~~~~~~~^^^
  File "/home/colby/MediaSynthesis/headless-dj/web.py", line 111, in _send_flac
    self.wfile.write(chunk)
    ~~~~~~~~~~~~~~~~^^^^^^^
  File "/home/colby/.local/share/uv/python/cpython-3.13.15-linux-x86_64-gnu/lib/python3.13/socketserver.py", line 845, in write
    self._sock.sendall(b)
    ~~~~~~~~~~~~~~~~~~^^^
BrokenPipeError: [Errno 32] Broken pipe
----------------------------------------
----------------------------------------
Exception occurred during processing of request from ('100.90.156.46', 57832)
Traceback (most recent call last):
  File "/home/colby/.local/share/uv/python/cpython-3.13.15-linux-x86_64-gnu/lib/python3.13/socketserver.py", line 697, in process_request_thread
    self.finish_request(request, client_address)
    ~~~~~~~~~~~~~~~~~~~^^^^^^^^^^^^^^^^^^^^^^^^^
  File "/home/colby/.local/share/uv/python/cpython-3.13.15-linux-x86_64-gnu/lib/python3.13/socketserver.py", line 362, in finish_request
    self.RequestHandlerClass(request, client_address, self)
    ~~~~~~~~~~~~~~~~~~~~~~~~^^^^^^^^^^^^^^^^^^^^^^^^^^^^^^^
  File "/home/colby/.local/share/uv/python/cpython-3.13.15-linux-x86_64-gnu/lib/python3.13/socketserver.py", line 766, in __init__
    self.handle()
    ~~~~~~~~~~~^^
  File "/home/colby/.local/share/uv/python/cpython-3.13.15-linux-x86_64-gnu/lib/python3.13/http/server.py", line 451, in handle
    self.handle_one_request()
    ~~~~~~~~~~~~~~~~~~~~~~~^^
  File "/home/colby/.local/share/uv/python/cpython-3.13.15-linux-x86_64-gnu/lib/python3.13/http/server.py", line 439, in handle_one_request
    method()
    ~~~~~~^^
  File "/home/colby/MediaSynthesis/headless-dj/web.py", line 83, in do_GET
    self._send_flac(f)
    ~~~~~~~~~~~~~~~^^^
  File "/home/colby/MediaSynthesis/headless-dj/web.py", line 111, in _send_flac
    self.wfile.write(chunk)
    ~~~~~~~~~~~~~~~~^^^^^^^
  File "/home/colby/.local/share/uv/python/cpython-3.13.15-linux-x86_64-gnu/lib/python3.13/socketserver.py", line 845, in write
    self._sock.sendall(b)
    ~~~~~~~~~~~~~~~~~~^^^
ConnectionResetError: [Errno 104] Connection reset by peer
----------------------------------------
----------------------------------------
Exception occurred during processing of request from ('100.90.156.46', 52142)
Traceback (most recent call last):
  File "/home/colby/.local/share/uv/python/cpython-3.13.15-linux-x86_64-gnu/lib/python3.13/socketserver.py", line 697, in process_request_thread
    self.finish_request(request, client_address)
    ~~~~~~~~~~~~~~~~~~~^^^^^^^^^^^^^^^^^^^^^^^^^
  File "/home/colby/.local/share/uv/python/cpython-3.13.15-linux-x86_64-gnu/lib/python3.13/socketserver.py", line 362, in finish_request
    self.RequestHandlerClass(request, client_address, self)
    ~~~~~~~~~~~~~~~~~~~~~~~~^^^^^^^^^^^^^^^^^^^^^^^^^^^^^^^
  File "/home/colby/.local/share/uv/python/cpython-3.13.15-linux-x86_64-gnu/lib/python3.13/socketserver.py", line 766, in __init__
    self.handle()
    ~~~~~~~~~~~^^
  File "/home/colby/.local/share/uv/python/cpython-3.13.15-linux-x86_64-gnu/lib/python3.13/http/server.py", line 451, in handle
    self.handle_one_request()
    ~~~~~~~~~~~~~~~~~~~~~~~^^
  File "/home/colby/.local/share/uv/python/cpython-3.13.15-linux-x86_64-gnu/lib/python3.13/http/server.py", line 439, in handle_one_request
    method()
    ~~~~~~^^
  File "/home/colby/MediaSynthesis/headless-dj/web.py", line 83, in do_GET
    self._send_flac(f)
    ~~~~~~~~~~~~~~~^^^
  File "/home/colby/MediaSynthesis/headless-dj/web.py", line 111, in _send_flac
    self.wfile.write(chunk)
    ~~~~~~~~~~~~~~~~^^^^^^^
  File "/home/colby/.local/share/uv/python/cpython-3.13.15-linux-x86_64-gnu/lib/python3.13/socketserver.py", line 845, in write
    self._sock.sendall(b)
    ~~~~~~~~~~~~~~~~~~^^^
BrokenPipeError: [Errno 32] Broken pipe
----------------------------------------
----------------------------------------
Exception occurred during processing of request from ('100.90.156.46', 61303)
Traceback (most recent call last):
  File "/home/colby/.local/share/uv/python/cpython-3.13.15-linux-x86_64-gnu/lib/python3.13/socketserver.py", line 697, in process_request_thread
    self.finish_request(request, client_address)
    ~~~~~~~~~~~~~~~~~~~^^^^^^^^^^^^^^^^^^^^^^^^^
  File "/home/colby/.local/share/uv/python/cpython-3.13.15-linux-x86_64-gnu/lib/python3.13/socketserver.py", line 362, in finish_request
    self.RequestHandlerClass(request, client_address, self)
    ~~~~~~~~~~~~~~~~~~~~~~~~^^^^^^^^^^^^^^^^^^^^^^^^^^^^^^^
  File "/home/colby/.local/share/uv/python/cpython-3.13.15-linux-x86_64-gnu/lib/python3.13/socketserver.py", line 766, in __init__
    self.handle()
    ~~~~~~~~~~~^^
  File "/home/colby/.local/share/uv/python/cpython-3.13.15-linux-x86_64-gnu/lib/python3.13/http/server.py", line 451, in handle
    self.handle_one_request()
    ~~~~~~~~~~~~~~~~~~~~~~~^^
  File "/home/colby/.local/share/uv/python/cpython-3.13.15-linux-x86_64-gnu/lib/python3.13/http/server.py", line 439, in handle_one_request
    method()
    ~~~~~~^^
  File "/home/colby/MediaSynthesis/headless-dj/web.py", line 83, in do_GET
    self._send_flac(f)
    ~~~~~~~~~~~~~~~^^^
  File "/home/colby/MediaSynthesis/headless-dj/web.py", line 111, in _send_flac
    self.wfile.write(chunk)
    ~~~~~~~~~~~~~~~~^^^^^^^
  File "/home/colby/.local/share/uv/python/cpython-3.13.15-linux-x86_64-gnu/lib/python3.13/socketserver.py", line 845, in write
    self._sock.sendall(b)
    ~~~~~~~~~~~~~~~~~~^^^
BrokenPipeError: [Errno 32] Broken pipe
----------------------------------------
----------------------------------------
Exception occurred during processing of request from ('100.90.156.46', 56709)
Traceback (most recent call last):
  File "/home/colby/.local/share/uv/python/cpython-3.13.15-linux-x86_64-gnu/lib/python3.13/socketserver.py", line 697, in process_request_thread
    self.finish_request(request, client_address)
    ~~~~~~~~~~~~~~~~~~~^^^^^^^^^^^^^^^^^^^^^^^^^
  File "/home/colby/.local/share/uv/python/cpython-3.13.15-linux-x86_64-gnu/lib/python3.13/socketserver.py", line 362, in finish_request
    self.RequestHandlerClass(request, client_address, self)
    ~~~~~~~~~~~~~~~~~~~~~~~~^^^^^^^^^^^^^^^^^^^^^^^^^^^^^^^
  File "/home/colby/.local/share/uv/python/cpython-3.13.15-linux-x86_64-gnu/lib/python3.13/socketserver.py", line 766, in __init__
    self.handle()
    ~~~~~~~~~~~^^
  File "/home/colby/.local/share/uv/python/cpython-3.13.15-linux-x86_64-gnu/lib/python3.13/http/server.py", line 451, in handle
    self.handle_one_request()
    ~~~~~~~~~~~~~~~~~~~~~~~^^
  File "/home/colby/.local/share/uv/python/cpython-3.13.15-linux-x86_64-gnu/lib/python3.13/http/server.py", line 439, in handle_one_request
    method()
    ~~~~~~^^
  File "/home/colby/MediaSynthesis/headless-dj/web.py", line 83, in do_GET
    self._send_flac(f)
    ~~~~~~~~~~~~~~~^^^
  File "/home/colby/MediaSynthesis/headless-dj/web.py", line 111, in _send_flac
    self.wfile.write(chunk)
    ~~~~~~~~~~~~~~~~^^^^^^^
  File "/home/colby/.local/share/uv/python/cpython-3.13.15-linux-x86_64-gnu/lib/python3.13/socketserver.py", line 845, in write
    self._sock.sendall(b)
    ~~~~~~~~~~~~~~~~~~^^^
BrokenPipeError: [Errno 32] Broken pipe
----------------------------------------
----------------------------------------
Exception occurred during processing of request from ('100.90.156.46', 52617)
Traceback (most recent call last):
  File "/home/colby/.local/share/uv/python/cpython-3.13.15-linux-x86_64-gnu/lib/python3.13/socketserver.py", line 697, in process_request_thread
    self.finish_request(request, client_address)
    ~~~~~~~~~~~~~~~~~~~^^^^^^^^^^^^^^^^^^^^^^^^^
  File "/home/colby/.local/share/uv/python/cpython-3.13.15-linux-x86_64-gnu/lib/python3.13/socketserver.py", line 362, in finish_request
    self.RequestHandlerClass(request, client_address, self)
    ~~~~~~~~~~~~~~~~~~~~~~~~^^^^^^^^^^^^^^^^^^^^^^^^^^^^^^^
  File "/home/colby/.local/share/uv/python/cpython-3.13.15-linux-x86_64-gnu/lib/python3.13/socketserver.py", line 766, in __init__
    self.handle()
    ~~~~~~~~~~~^^
  File "/home/colby/.local/share/uv/python/cpython-3.13.15-linux-x86_64-gnu/lib/python3.13/http/server.py", line 451, in handle
    self.handle_one_request()
    ~~~~~~~~~~~~~~~~~~~~~~~^^
  File "/home/colby/.local/share/uv/python/cpython-3.13.15-linux-x86_64-gnu/lib/python3.13/http/server.py", line 439, in handle_one_request
    method()
    ~~~~~~^^
  File "/home/colby/MediaSynthesis/headless-dj/web.py", line 83, in do_GET
    self._send_flac(f)
    ~~~~~~~~~~~~~~~^^^
  File "/home/colby/MediaSynthesis/headless-dj/web.py", line 111, in _send_flac
    self.wfile.write(chunk)
    ~~~~~~~~~~~~~~~~^^^^^^^
  File "/home/colby/.local/share/uv/python/cpython-3.13.15-linux-x86_64-gnu/lib/python3.13/socketserver.py", line 845, in write
    self._sock.sendall(b)
    ~~~~~~~~~~~~~~~~~~^^^
BrokenPipeError: [Errno 32] Broken pipe
----------------------------------------
----------------------------------------
Exception occurred during processing of request from ('100.90.156.46', 57517)
Traceback (most recent call last):
  File "/home/colby/.local/share/uv/python/cpython-3.13.15-linux-x86_64-gnu/lib/python3.13/socketserver.py", line 697, in process_request_thread
    self.finish_request(request, client_address)
    ~~~~~~~~~~~~~~~~~~~^^^^^^^^^^^^^^^^^^^^^^^^^
  File "/home/colby/.local/share/uv/python/cpython-3.13.15-linux-x86_64-gnu/lib/python3.13/socketserver.py", line 362, in finish_request
    self.RequestHandlerClass(request, client_address, self)
    ~~~~~~~~~~~~~~~~~~~~~~~~^^^^^^^^^^^^^^^^^^^^^^^^^^^^^^^
  File "/home/colby/.local/share/uv/python/cpython-3.13.15-linux-x86_64-gnu/lib/python3.13/socketserver.py", line 766, in __init__
    self.handle()
    ~~~~~~~~~~~^^
  File "/home/colby/.local/share/uv/python/cpython-3.13.15-linux-x86_64-gnu/lib/python3.13/http/server.py", line 451, in handle
    self.handle_one_request()
    ~~~~~~~~~~~~~~~~~~~~~~~^^
  File "/home/colby/.local/share/uv/python/cpython-3.13.15-linux-x86_64-gnu/lib/python3.13/http/server.py", line 439, in handle_one_request
    method()
    ~~~~~~^^
  File "/home/colby/MediaSynthesis/headless-dj/web.py", line 83, in do_GET
    self._send_flac(f)
    ~~~~~~~~~~~~~~~^^^
  File "/home/colby/MediaSynthesis/headless-dj/web.py", line 111, in _send_flac
    self.wfile.write(chunk)
    ~~~~~~~~~~~~~~~~^^^^^^^
  File "/home/colby/.local/share/uv/python/cpython-3.13.15-linux-x86_64-gnu/lib/python3.13/socketserver.py", line 845, in write
    self._sock.sendall(b)
    ~~~~~~~~~~~~~~~~~~^^^
BrokenPipeError: [Errno 32] Broken pipe
----------------------------------------
----------------------------------------
Exception occurred during processing of request from ('100.90.156.46', 50389)
Traceback (most recent call last):
  File "/home/colby/.local/share/uv/python/cpython-3.13.15-linux-x86_64-gnu/lib/python3.13/socketserver.py", line 697, in process_request_thread
    self.finish_request(request, client_address)
    ~~~~~~~~~~~~~~~~~~~^^^^^^^^^^^^^^^^^^^^^^^^^
  File "/home/colby/.local/share/uv/python/cpython-3.13.15-linux-x86_64-gnu/lib/python3.13/socketserver.py", line 362, in finish_request
    self.RequestHandlerClass(request, client_address, self)
    ~~~~~~~~~~~~~~~~~~~~~~~~^^^^^^^^^^^^^^^^^^^^^^^^^^^^^^^
  File "/home/colby/.local/share/uv/python/cpython-3.13.15-linux-x86_64-gnu/lib/python3.13/socketserver.py", line 766, in __init__
    self.handle()
    ~~~~~~~~~~~^^
  File "/home/colby/.local/share/uv/python/cpython-3.13.15-linux-x86_64-gnu/lib/python3.13/http/server.py", line 451, in handle
    self.handle_one_request()
    ~~~~~~~~~~~~~~~~~~~~~~~^^
  File "/home/colby/.local/share/uv/python/cpython-3.13.15-linux-x86_64-gnu/lib/python3.13/http/server.py", line 439, in handle_one_request
    method()
    ~~~~~~^^
  File "/home/colby/MediaSynthesis/headless-dj/web.py", line 83, in do_GET
    self._send_flac(f)
    ~~~~~~~~~~~~~~~^^^
  File "/home/colby/MediaSynthesis/headless-dj/web.py", line 111, in _send_flac
    self.wfile.write(chunk)
    ~~~~~~~~~~~~~~~~^^^^^^^
  File "/home/colby/.local/share/uv/python/cpython-3.13.15-linux-x86_64-gnu/lib/python3.13/socketserver.py", line 845, in write
    self._sock.sendall(b)
    ~~~~~~~~~~~~~~~~~~^^^
BrokenPipeError: [Errno 32] Broken pipe
----------------------------------------
----------------------------------------
Exception occurred during processing of request from ('100.90.156.46', 60482)
Traceback (most recent call last):
  File "/home/colby/.local/share/uv/python/cpython-3.13.15-linux-x86_64-gnu/lib/python3.13/socketserver.py", line 697, in process_request_thread
    self.finish_request(request, client_address)
    ~~~~~~~~~~~~~~~~~~~^^^^^^^^^^^^^^^^^^^^^^^^^
  File "/home/colby/.local/share/uv/python/cpython-3.13.15-linux-x86_64-gnu/lib/python3.13/socketserver.py", line 362, in finish_request
    self.RequestHandlerClass(request, client_address, self)
    ~~~~~~~~~~~~~~~~~~~~~~~~^^^^^^^^^^^^^^^^^^^^^^^^^^^^^^^
  File "/home/colby/.local/share/uv/python/cpython-3.13.15-linux-x86_64-gnu/lib/python3.13/socketserver.py", line 766, in __init__
    self.handle()
    ~~~~~~~~~~~^^
  File "/home/colby/.local/share/uv/python/cpython-3.13.15-linux-x86_64-gnu/lib/python3.13/http/server.py", line 451, in handle
    self.handle_one_request()
    ~~~~~~~~~~~~~~~~~~~~~~~^^
  File "/home/colby/.local/share/uv/python/cpython-3.13.15-linux-x86_64-gnu/lib/python3.13/http/server.py", line 439, in handle_one_request
    method()
    ~~~~~~^^
  File "/home/colby/MediaSynthesis/headless-dj/web.py", line 83, in do_GET
    self._send_flac(f)
    ~~~~~~~~~~~~~~~^^^
  File "/home/colby/MediaSynthesis/headless-dj/web.py", line 111, in _send_flac
    self.wfile.write(chunk)
    ~~~~~~~~~~~~~~~~^^^^^^^
  File "/home/colby/.local/share/uv/python/cpython-3.13.15-linux-x86_64-gnu/lib/python3.13/socketserver.py", line 845, in write
    self._sock.sendall(b)
    ~~~~~~~~~~~~~~~~~~^^^
BrokenPipeError: [Errno 32] Broken pipe
----------------------------------------
----------------------------------------
Exception occurred during processing of request from ('100.90.156.46', 52539)
Traceback (most recent call last):
  File "/home/colby/.local/share/uv/python/cpython-3.13.15-linux-x86_64-gnu/lib/python3.13/socketserver.py", line 697, in process_request_thread
    self.finish_request(request, client_address)
    ~~~~~~~~~~~~~~~~~~~^^^^^^^^^^^^^^^^^^^^^^^^^
  File "/home/colby/.local/share/uv/python/cpython-3.13.15-linux-x86_64-gnu/lib/python3.13/socketserver.py", line 362, in finish_request
    self.RequestHandlerClass(request, client_address, self)
    ~~~~~~~~~~~~~~~~~~~~~~~~^^^^^^^^^^^^^^^^^^^^^^^^^^^^^^^
  File "/home/colby/.local/share/uv/python/cpython-3.13.15-linux-x86_64-gnu/lib/python3.13/socketserver.py", line 766, in __init__
    self.handle()
    ~~~~~~~~~~~^^
  File "/home/colby/.local/share/uv/python/cpython-3.13.15-linux-x86_64-gnu/lib/python3.13/http/server.py", line 451, in handle
    self.handle_one_request()
    ~~~~~~~~~~~~~~~~~~~~~~~^^
  File "/home/colby/.local/share/uv/python/cpython-3.13.15-linux-x86_64-gnu/lib/python3.13/http/server.py", line 439, in handle_one_request
    method()
    ~~~~~~^^
  File "/home/colby/MediaSynthesis/headless-dj/web.py", line 83, in do_GET
    self._send_flac(f)
    ~~~~~~~~~~~~~~~^^^
  File "/home/colby/MediaSynthesis/headless-dj/web.py", line 111, in _send_flac
    self.wfile.write(chunk)
    ~~~~~~~~~~~~~~~~^^^^^^^
  File "/home/colby/.local/share/uv/python/cpython-3.13.15-linux-x86_64-gnu/lib/python3.13/socketserver.py", line 845, in write
    self._sock.sendall(b)
    ~~~~~~~~~~~~~~~~~~^^^
BrokenPipeError: [Errno 32] Broken pipe
----------------------------------------
----------------------------------------
Exception occurred during processing of request from ('100.90.156.46', 62317)
Traceback (most recent call last):
  File "/home/colby/.local/share/uv/python/cpython-3.13.15-linux-x86_64-gnu/lib/python3.13/socketserver.py", line 697, in process_request_thread
    self.finish_request(request, client_address)
    ~~~~~~~~~~~~~~~~~~~^^^^^^^^^^^^^^^^^^^^^^^^^
  File "/home/colby/.local/share/uv/python/cpython-3.13.15-linux-x86_64-gnu/lib/python3.13/socketserver.py", line 362, in finish_request
    self.RequestHandlerClass(request, client_address, self)
    ~~~~~~~~~~~~~~~~~~~~~~~~^^^^^^^^^^^^^^^^^^^^^^^^^^^^^^^
  File "/home/colby/.local/share/uv/python/cpython-3.13.15-linux-x86_64-gnu/lib/python3.13/socketserver.py", line 766, in __init__
    self.handle()
    ~~~~~~~~~~~^^
  File "/home/colby/.local/share/uv/python/cpython-3.13.15-linux-x86_64-gnu/lib/python3.13/http/server.py", line 451, in handle
    self.handle_one_request()
    ~~~~~~~~~~~~~~~~~~~~~~~^^
  File "/home/colby/.local/share/uv/python/cpython-3.13.15-linux-x86_64-gnu/lib/python3.13/http/server.py", line 439, in handle_one_request
    method()
    ~~~~~~^^
  File "/home/colby/MediaSynthesis/headless-dj/web.py", line 83, in do_GET
    self._send_flac(f)
    ~~~~~~~~~~~~~~~^^^
  File "/home/colby/MediaSynthesis/headless-dj/web.py", line 111, in _send_flac
    self.wfile.write(chunk)
    ~~~~~~~~~~~~~~~~^^^^^^^
  File "/home/colby/.local/share/uv/python/cpython-3.13.15-linux-x86_64-gnu/lib/python3.13/socketserver.py", line 845, in write
    self._sock.sendall(b)
    ~~~~~~~~~~~~~~~~~~^^^
BrokenPipeError: [Errno 32] Broken pipe
----------------------------------------
----------------------------------------
Exception occurred during processing of request from ('100.90.156.46', 51846)
Traceback (most recent call last):
  File "/home/colby/.local/share/uv/python/cpython-3.13.15-linux-x86_64-gnu/lib/python3.13/socketserver.py", line 697, in process_request_thread
    self.finish_request(request, client_address)
    ~~~~~~~~~~~~~~~~~~~^^^^^^^^^^^^^^^^^^^^^^^^^
  File "/home/colby/.local/share/uv/python/cpython-3.13.15-linux-x86_64-gnu/lib/python3.13/socketserver.py", line 362, in finish_request
    self.RequestHandlerClass(request, client_address, self)
    ~~~~~~~~~~~~~~~~~~~~~~~~^^^^^^^^^^^^^^^^^^^^^^^^^^^^^^^
  File "/home/colby/.local/share/uv/python/cpython-3.13.15-linux-x86_64-gnu/lib/python3.13/socketserver.py", line 766, in __init__
    self.handle()
    ~~~~~~~~~~~^^
  File "/home/colby/.local/share/uv/python/cpython-3.13.15-linux-x86_64-gnu/lib/python3.13/http/server.py", line 451, in handle
    self.handle_one_request()
    ~~~~~~~~~~~~~~~~~~~~~~~^^
  File "/home/colby/.local/share/uv/python/cpython-3.13.15-linux-x86_64-gnu/lib/python3.13/http/server.py", line 439, in handle_one_request
    method()
    ~~~~~~^^
  File "/home/colby/MediaSynthesis/headless-dj/web.py", line 83, in do_GET
    self._send_flac(f)
    ~~~~~~~~~~~~~~~^^^
  File "/home/colby/MediaSynthesis/headless-dj/web.py", line 111, in _send_flac
    self.wfile.write(chunk)
    ~~~~~~~~~~~~~~~~^^^^^^^
  File "/home/colby/.local/share/uv/python/cpython-3.13.15-linux-x86_64-gnu/lib/python3.13/socketserver.py", line 845, in write
    self._sock.sendall(b)
    ~~~~~~~~~~~~~~~~~~^^^
BrokenPipeError: [Errno 32] Broken pipe
----------------------------------------
----------------------------------------
Exception occurred during processing of request from ('100.90.156.46', 53407)
Traceback (most recent call last):
  File "/home/colby/.local/share/uv/python/cpython-3.13.15-linux-x86_64-gnu/lib/python3.13/socketserver.py", line 697, in process_request_thread
    self.finish_request(request, client_address)
    ~~~~~~~~~~~~~~~~~~~^^^^^^^^^^^^^^^^^^^^^^^^^
  File "/home/colby/.local/share/uv/python/cpython-3.13.15-linux-x86_64-gnu/lib/python3.13/socketserver.py", line 362, in finish_request
    self.RequestHandlerClass(request, client_address, self)
    ~~~~~~~~~~~~~~~~~~~~~~~~^^^^^^^^^^^^^^^^^^^^^^^^^^^^^^^
  File "/home/colby/.local/share/uv/python/cpython-3.13.15-linux-x86_64-gnu/lib/python3.13/socketserver.py", line 766, in __init__
    self.handle()
    ~~~~~~~~~~~^^
  File "/home/colby/.local/share/uv/python/cpython-3.13.15-linux-x86_64-gnu/lib/python3.13/http/server.py", line 451, in handle
    self.handle_one_request()
    ~~~~~~~~~~~~~~~~~~~~~~~^^
  File "/home/colby/.local/share/uv/python/cpython-3.13.15-linux-x86_64-gnu/lib/python3.13/http/server.py", line 439, in handle_one_request
    method()
    ~~~~~~^^
  File "/home/colby/MediaSynthesis/headless-dj/web.py", line 83, in do_GET
    self._send_flac(f)
    ~~~~~~~~~~~~~~~^^^
  File "/home/colby/MediaSynthesis/headless-dj/web.py", line 111, in _send_flac
    self.wfile.write(chunk)
    ~~~~~~~~~~~~~~~~^^^^^^^
  File "/home/colby/.local/share/uv/python/cpython-3.13.15-linux-x86_64-gnu/lib/python3.13/socketserver.py", line 845, in write
    self._sock.sendall(b)
    ~~~~~~~~~~~~~~~~~~^^^
BrokenPipeError: [Errno 32] Broken pipe
----------------------------------------
----------------------------------------
Exception occurred during processing of request from ('100.90.156.46', 53416)
Traceback (most recent call last):
  File "/home/colby/.local/share/uv/python/cpython-3.13.15-linux-x86_64-gnu/lib/python3.13/socketserver.py", line 697, in process_request_thread
    self.finish_request(request, client_address)
    ~~~~~~~~~~~~~~~~~~~^^^^^^^^^^^^^^^^^^^^^^^^^
  File "/home/colby/.local/share/uv/python/cpython-3.13.15-linux-x86_64-gnu/lib/python3.13/socketserver.py", line 362, in finish_request
    self.RequestHandlerClass(request, client_address, self)
    ~~~~~~~~~~~~~~~~~~~~~~~~^^^^^^^^^^^^^^^^^^^^^^^^^^^^^^^
  File "/home/colby/.local/share/uv/python/cpython-3.13.15-linux-x86_64-gnu/lib/python3.13/socketserver.py", line 766, in __init__
    self.handle()
    ~~~~~~~~~~~^^
  File "/home/colby/.local/share/uv/python/cpython-3.13.15-linux-x86_64-gnu/lib/python3.13/http/server.py", line 451, in handle
    self.handle_one_request()
    ~~~~~~~~~~~~~~~~~~~~~~~^^
  File "/home/colby/.local/share/uv/python/cpython-3.13.15-linux-x86_64-gnu/lib/python3.13/http/server.py", line 439, in handle_one_request
    method()
    ~~~~~~^^
  File "/home/colby/MediaSynthesis/headless-dj/web.py", line 83, in do_GET
    self._send_flac(f)
    ~~~~~~~~~~~~~~~^^^
  File "/home/colby/MediaSynthesis/headless-dj/web.py", line 111, in _send_flac
    self.wfile.write(chunk)
    ~~~~~~~~~~~~~~~~^^^^^^^
  File "/home/colby/.local/share/uv/python/cpython-3.13.15-linux-x86_64-gnu/lib/python3.13/socketserver.py", line 845, in write
    self._sock.sendall(b)
    ~~~~~~~~~~~~~~~~~~^^^
BrokenPipeError: [Errno 32] Broken pipe
----------------------------------------
----------------------------------------
Exception occurred during processing of request from ('100.90.156.46', 53417)
Traceback (most recent call last):
  File "/home/colby/.local/share/uv/python/cpython-3.13.15-linux-x86_64-gnu/lib/python3.13/socketserver.py", line 697, in process_request_thread
    self.finish_request(request, client_address)
    ~~~~~~~~~~~~~~~~~~~^^^^^^^^^^^^^^^^^^^^^^^^^
  File "/home/colby/.local/share/uv/python/cpython-3.13.15-linux-x86_64-gnu/lib/python3.13/socketserver.py", line 362, in finish_request
    self.RequestHandlerClass(request, client_address, self)
    ~~~~~~~~~~~~~~~~~~~~~~~~^^^^^^^^^^^^^^^^^^^^^^^^^^^^^^^
  File "/home/colby/.local/share/uv/python/cpython-3.13.15-linux-x86_64-gnu/lib/python3.13/socketserver.py", line 766, in __init__
    self.handle()
    ~~~~~~~~~~~^^
  File "/home/colby/.local/share/uv/python/cpython-3.13.15-linux-x86_64-gnu/lib/python3.13/http/server.py", line 451, in handle
    self.handle_one_request()
    ~~~~~~~~~~~~~~~~~~~~~~~^^
  File "/home/colby/.local/share/uv/python/cpython-3.13.15-linux-x86_64-gnu/lib/python3.13/http/server.py", line 439, in handle_one_request
    method()
    ~~~~~~^^
  File "/home/colby/MediaSynthesis/headless-dj/web.py", line 83, in do_GET
    self._send_flac(f)
    ~~~~~~~~~~~~~~~^^^
  File "/home/colby/MediaSynthesis/headless-dj/web.py", line 111, in _send_flac
    self.wfile.write(chunk)
    ~~~~~~~~~~~~~~~~^^^^^^^
  File "/home/colby/.local/share/uv/python/cpython-3.13.15-linux-x86_64-gnu/lib/python3.13/socketserver.py", line 845, in write
    self._sock.sendall(b)
    ~~~~~~~~~~~~~~~~~~^^^
BrokenPipeError: [Errno 32] Broken pipe
----------------------------------------
----------------------------------------
Exception occurred during processing of request from ('100.90.156.46', 53418)
Traceback (most recent call last):
  File "/home/colby/.local/share/uv/python/cpython-3.13.15-linux-x86_64-gnu/lib/python3.13/socketserver.py", line 697, in process_request_thread
    self.finish_request(request, client_address)
    ~~~~~~~~~~~~~~~~~~~^^^^^^^^^^^^^^^^^^^^^^^^^
  File "/home/colby/.local/share/uv/python/cpython-3.13.15-linux-x86_64-gnu/lib/python3.13/socketserver.py", line 362, in finish_request
    self.RequestHandlerClass(request, client_address, self)
    ~~~~~~~~~~~~~~~~~~~~~~~~^^^^^^^^^^^^^^^^^^^^^^^^^^^^^^^
  File "/home/colby/.local/share/uv/python/cpython-3.13.15-linux-x86_64-gnu/lib/python3.13/socketserver.py", line 766, in __init__
    self.handle()
    ~~~~~~~~~~~^^
  File "/home/colby/.local/share/uv/python/cpython-3.13.15-linux-x86_64-gnu/lib/python3.13/http/server.py", line 451, in handle
    self.handle_one_request()
    ~~~~~~~~~~~~~~~~~~~~~~~^^
  File "/home/colby/.local/share/uv/python/cpython-3.13.15-linux-x86_64-gnu/lib/python3.13/http/server.py", line 439, in handle_one_request
    method()
    ~~~~~~^^
  File "/home/colby/MediaSynthesis/headless-dj/web.py", line 83, in do_GET
    self._send_flac(f)
    ~~~~~~~~~~~~~~~^^^
  File "/home/colby/MediaSynthesis/headless-dj/web.py", line 111, in _send_flac
    self.wfile.write(chunk)
    ~~~~~~~~~~~~~~~~^^^^^^^
  File "/home/colby/.local/share/uv/python/cpython-3.13.15-linux-x86_64-gnu/lib/python3.13/socketserver.py", line 845, in write
    self._sock.sendall(b)
    ~~~~~~~~~~~~~~~~~~^^^
BrokenPipeError: [Errno 32] Broken pipe
----------------------------------------
----------------------------------------
Exception occurred during processing of request from ('100.90.156.46', 50135)
Traceback (most recent call last):
  File "/home/colby/.local/share/uv/python/cpython-3.13.15-linux-x86_64-gnu/lib/python3.13/socketserver.py", line 697, in process_request_thread
    self.finish_request(request, client_address)
    ~~~~~~~~~~~~~~~~~~~^^^^^^^^^^^^^^^^^^^^^^^^^
  File "/home/colby/.local/share/uv/python/cpython-3.13.15-linux-x86_64-gnu/lib/python3.13/socketserver.py", line 362, in finish_request
    self.RequestHandlerClass(request, client_address, self)
    ~~~~~~~~~~~~~~~~~~~~~~~~^^^^^^^^^^^^^^^^^^^^^^^^^^^^^^^
  File "/home/colby/.local/share/uv/python/cpython-3.13.15-linux-x86_64-gnu/lib/python3.13/socketserver.py", line 766, in __init__
    self.handle()
    ~~~~~~~~~~~^^
  File "/home/colby/.local/share/uv/python/cpython-3.13.15-linux-x86_64-gnu/lib/python3.13/http/server.py", line 451, in handle
    self.handle_one_request()
    ~~~~~~~~~~~~~~~~~~~~~~~^^
  File "/home/colby/.local/share/uv/python/cpython-3.13.15-linux-x86_64-gnu/lib/python3.13/http/server.py", line 439, in handle_one_request
    method()
    ~~~~~~^^
  File "/home/colby/MediaSynthesis/headless-dj/web.py", line 83, in do_GET
    self._send_flac(f)
    ~~~~~~~~~~~~~~~^^^
  File "/home/colby/MediaSynthesis/headless-dj/web.py", line 111, in _send_flac
    self.wfile.write(chunk)
    ~~~~~~~~~~~~~~~~^^^^^^^
  File "/home/colby/.local/share/uv/python/cpython-3.13.15-linux-x86_64-gnu/lib/python3.13/socketserver.py", line 845, in write
    self._sock.sendall(b)
    ~~~~~~~~~~~~~~~~~~^^^
BrokenPipeError: [Errno 32] Broken pipe
----------------------------------------
----------------------------------------
Exception occurred during processing of request from ('100.90.156.46', 61155)
Traceback (most recent call last):
  File "/home/colby/.local/share/uv/python/cpython-3.13.15-linux-x86_64-gnu/lib/python3.13/socketserver.py", line 697, in process_request_thread
    self.finish_request(request, client_address)
    ~~~~~~~~~~~~~~~~~~~^^^^^^^^^^^^^^^^^^^^^^^^^
  File "/home/colby/.local/share/uv/python/cpython-3.13.15-linux-x86_64-gnu/lib/python3.13/socketserver.py", line 362, in finish_request
    self.RequestHandlerClass(request, client_address, self)
    ~~~~~~~~~~~~~~~~~~~~~~~~^^^^^^^^^^^^^^^^^^^^^^^^^^^^^^^
  File "/home/colby/.local/share/uv/python/cpython-3.13.15-linux-x86_64-gnu/lib/python3.13/socketserver.py", line 766, in __init__
    self.handle()
    ~~~~~~~~~~~^^
  File "/home/colby/.local/share/uv/python/cpython-3.13.15-linux-x86_64-gnu/lib/python3.13/http/server.py", line 451, in handle
    self.handle_one_request()
    ~~~~~~~~~~~~~~~~~~~~~~~^^
  File "/home/colby/.local/share/uv/python/cpython-3.13.15-linux-x86_64-gnu/lib/python3.13/http/server.py", line 439, in handle_one_request
    method()
    ~~~~~~^^
  File "/home/colby/MediaSynthesis/headless-dj/web.py", line 83, in do_GET
    self._send_flac(f)
    ~~~~~~~~~~~~~~~^^^
  File "/home/colby/MediaSynthesis/headless-dj/web.py", line 111, in _send_flac
    self.wfile.write(chunk)
    ~~~~~~~~~~~~~~~~^^^^^^^
  File "/home/colby/.local/share/uv/python/cpython-3.13.15-linux-x86_64-gnu/lib/python3.13/socketserver.py", line 845, in write
    self._sock.sendall(b)
    ~~~~~~~~~~~~~~~~~~^^^
BrokenPipeError: [Errno 32] Broken pipe
----------------------------------------
----------------------------------------
Exception occurred during processing of request from ('100.90.156.46', 58430)
Traceback (most recent call last):
  File "/home/colby/.local/share/uv/python/cpython-3.13.15-linux-x86_64-gnu/lib/python3.13/socketserver.py", line 697, in process_request_thread
    self.finish_request(request, client_address)
    ~~~~~~~~~~~~~~~~~~~^^^^^^^^^^^^^^^^^^^^^^^^^
  File "/home/colby/.local/share/uv/python/cpython-3.13.15-linux-x86_64-gnu/lib/python3.13/socketserver.py", line 362, in finish_request
    self.RequestHandlerClass(request, client_address, self)
    ~~~~~~~~~~~~~~~~~~~~~~~~^^^^^^^^^^^^^^^^^^^^^^^^^^^^^^^
  File "/home/colby/.local/share/uv/python/cpython-3.13.15-linux-x86_64-gnu/lib/python3.13/socketserver.py", line 766, in __init__
    self.handle()
    ~~~~~~~~~~~^^
  File "/home/colby/.local/share/uv/python/cpython-3.13.15-linux-x86_64-gnu/lib/python3.13/http/server.py", line 451, in handle
    self.handle_one_request()
    ~~~~~~~~~~~~~~~~~~~~~~~^^
  File "/home/colby/.local/share/uv/python/cpython-3.13.15-linux-x86_64-gnu/lib/python3.13/http/server.py", line 439, in handle_one_request
    method()
    ~~~~~~^^
  File "/home/colby/MediaSynthesis/headless-dj/web.py", line 83, in do_GET
    self._send_flac(f)
    ~~~~~~~~~~~~~~~^^^
  File "/home/colby/MediaSynthesis/headless-dj/web.py", line 111, in _send_flac
    self.wfile.write(chunk)
    ~~~~~~~~~~~~~~~~^^^^^^^
  File "/home/colby/.local/share/uv/python/cpython-3.13.15-linux-x86_64-gnu/lib/python3.13/socketserver.py", line 845, in write
    self._sock.sendall(b)
    ~~~~~~~~~~~~~~~~~~^^^
BrokenPipeError: [Errno 32] Broken pipe
----------------------------------------
----------------------------------------
Exception occurred during processing of request from ('100.90.156.46', 53851)
Traceback (most recent call last):
  File "/home/colby/.local/share/uv/python/cpython-3.13.15-linux-x86_64-gnu/lib/python3.13/socketserver.py", line 697, in process_request_thread
    self.finish_request(request, client_address)
    ~~~~~~~~~~~~~~~~~~~^^^^^^^^^^^^^^^^^^^^^^^^^
  File "/home/colby/.local/share/uv/python/cpython-3.13.15-linux-x86_64-gnu/lib/python3.13/socketserver.py", line 362, in finish_request
    self.RequestHandlerClass(request, client_address, self)
    ~~~~~~~~~~~~~~~~~~~~~~~~^^^^^^^^^^^^^^^^^^^^^^^^^^^^^^^
  File "/home/colby/.local/share/uv/python/cpython-3.13.15-linux-x86_64-gnu/lib/python3.13/socketserver.py", line 766, in __init__
    self.handle()
    ~~~~~~~~~~~^^
  File "/home/colby/.local/share/uv/python/cpython-3.13.15-linux-x86_64-gnu/lib/python3.13/http/server.py", line 451, in handle
    self.handle_one_request()
    ~~~~~~~~~~~~~~~~~~~~~~~^^
  File "/home/colby/.local/share/uv/python/cpython-3.13.15-linux-x86_64-gnu/lib/python3.13/http/server.py", line 439, in handle_one_request
    method()
    ~~~~~~^^
  File "/home/colby/MediaSynthesis/headless-dj/web.py", line 83, in do_GET
    self._send_flac(f)
    ~~~~~~~~~~~~~~~^^^
  File "/home/colby/MediaSynthesis/headless-dj/web.py", line 111, in _send_flac
    self.wfile.write(chunk)
    ~~~~~~~~~~~~~~~~^^^^^^^
  File "/home/colby/.local/share/uv/python/cpython-3.13.15-linux-x86_64-gnu/lib/python3.13/socketserver.py", line 845, in write
    self._sock.sendall(b)
    ~~~~~~~~~~~~~~~~~~^^^
BrokenPipeError: [Errno 32] Broken pipe
----------------------------------------
----------------------------------------
Exception occurred during processing of request from ('100.90.156.46', 53538)
Traceback (most recent call last):
  File "/home/colby/.local/share/uv/python/cpython-3.13.15-linux-x86_64-gnu/lib/python3.13/socketserver.py", line 697, in process_request_thread
    self.finish_request(request, client_address)
    ~~~~~~~~~~~~~~~~~~~^^^^^^^^^^^^^^^^^^^^^^^^^
  File "/home/colby/.local/share/uv/python/cpython-3.13.15-linux-x86_64-gnu/lib/python3.13/socketserver.py", line 362, in finish_request
    self.RequestHandlerClass(request, client_address, self)
    ~~~~~~~~~~~~~~~~~~~~~~~~^^^^^^^^^^^^^^^^^^^^^^^^^^^^^^^
  File "/home/colby/.local/share/uv/python/cpython-3.13.15-linux-x86_64-gnu/lib/python3.13/socketserver.py", line 766, in __init__
    self.handle()
    ~~~~~~~~~~~^^
  File "/home/colby/.local/share/uv/python/cpython-3.13.15-linux-x86_64-gnu/lib/python3.13/http/server.py", line 451, in handle
    self.handle_one_request()
    ~~~~~~~~~~~~~~~~~~~~~~~^^
  File "/home/colby/.local/share/uv/python/cpython-3.13.15-linux-x86_64-gnu/lib/python3.13/http/server.py", line 439, in handle_one_request
    method()
    ~~~~~~^^
  File "/home/colby/MediaSynthesis/headless-dj/web.py", line 83, in do_GET
    self._send_flac(f)
    ~~~~~~~~~~~~~~~^^^
  File "/home/colby/MediaSynthesis/headless-dj/web.py", line 111, in _send_flac
    self.wfile.write(chunk)
    ~~~~~~~~~~~~~~~~^^^^^^^
  File "/home/colby/.local/share/uv/python/cpython-3.13.15-linux-x86_64-gnu/lib/python3.13/socketserver.py", line 845, in write
    self._sock.sendall(b)
    ~~~~~~~~~~~~~~~~~~^^^
BrokenPipeError: [Errno 32] Broken pipe
----------------------------------------
----------------------------------------
Exception occurred during processing of request from ('100.90.156.46', 58036)
Traceback (most recent call last):
  File "/home/colby/.local/share/uv/python/cpython-3.13.15-linux-x86_64-gnu/lib/python3.13/socketserver.py", line 697, in process_request_thread
    self.finish_request(request, client_address)
    ~~~~~~~~~~~~~~~~~~~^^^^^^^^^^^^^^^^^^^^^^^^^
  File "/home/colby/.local/share/uv/python/cpython-3.13.15-linux-x86_64-gnu/lib/python3.13/socketserver.py", line 362, in finish_request
    self.RequestHandlerClass(request, client_address, self)
    ~~~~~~~~~~~~~~~~~~~~~~~~^^^^^^^^^^^^^^^^^^^^^^^^^^^^^^^
  File "/home/colby/.local/share/uv/python/cpython-3.13.15-linux-x86_64-gnu/lib/python3.13/socketserver.py", line 766, in __init__
    self.handle()
    ~~~~~~~~~~~^^
  File "/home/colby/.local/share/uv/python/cpython-3.13.15-linux-x86_64-gnu/lib/python3.13/http/server.py", line 451, in handle
    self.handle_one_request()
    ~~~~~~~~~~~~~~~~~~~~~~~^^
  File "/home/colby/.local/share/uv/python/cpython-3.13.15-linux-x86_64-gnu/lib/python3.13/http/server.py", line 439, in handle_one_request
    method()
    ~~~~~~^^
  File "/home/colby/MediaSynthesis/headless-dj/web.py", line 83, in do_GET
    self._send_flac(f)
    ~~~~~~~~~~~~~~~^^^
  File "/home/colby/MediaSynthesis/headless-dj/web.py", line 111, in _send_flac
    self.wfile.write(chunk)
    ~~~~~~~~~~~~~~~~^^^^^^^
  File "/home/colby/.local/share/uv/python/cpython-3.13.15-linux-x86_64-gnu/lib/python3.13/socketserver.py", line 845, in write
    self._sock.sendall(b)
    ~~~~~~~~~~~~~~~~~~^^^
BrokenPipeError: [Errno 32] Broken pipe
----------------------------------------
----------------------------------------
Exception occurred during processing of request from ('100.90.156.46', 64194)
Traceback (most recent call last):
  File "/home/colby/.local/share/uv/python/cpython-3.13.15-linux-x86_64-gnu/lib/python3.13/socketserver.py", line 697, in process_request_thread
    self.finish_request(request, client_address)
    ~~~~~~~~~~~~~~~~~~~^^^^^^^^^^^^^^^^^^^^^^^^^
  File "/home/colby/.local/share/uv/python/cpython-3.13.15-linux-x86_64-gnu/lib/python3.13/socketserver.py", line 362, in finish_request
    self.RequestHandlerClass(request, client_address, self)
    ~~~~~~~~~~~~~~~~~~~~~~~~^^^^^^^^^^^^^^^^^^^^^^^^^^^^^^^
  File "/home/colby/.local/share/uv/python/cpython-3.13.15-linux-x86_64-gnu/lib/python3.13/socketserver.py", line 766, in __init__
    self.handle()
    ~~~~~~~~~~~^^
  File "/home/colby/.local/share/uv/python/cpython-3.13.15-linux-x86_64-gnu/lib/python3.13/http/server.py", line 451, in handle
    self.handle_one_request()
    ~~~~~~~~~~~~~~~~~~~~~~~^^
  File "/home/colby/.local/share/uv/python/cpython-3.13.15-linux-x86_64-gnu/lib/python3.13/http/server.py", line 439, in handle_one_request
    method()
    ~~~~~~^^
  File "/home/colby/MediaSynthesis/headless-dj/web.py", line 83, in do_GET
    self._send_flac(f)
    ~~~~~~~~~~~~~~~^^^
  File "/home/colby/MediaSynthesis/headless-dj/web.py", line 111, in _send_flac
    self.wfile.write(chunk)
    ~~~~~~~~~~~~~~~~^^^^^^^
  File "/home/colby/.local/share/uv/python/cpython-3.13.15-linux-x86_64-gnu/lib/python3.13/socketserver.py", line 845, in write
    self._sock.sendall(b)
    ~~~~~~~~~~~~~~~~~~^^^
ConnectionResetError: [Errno 104] Connection reset by peer
----------------------------------------
----------------------------------------
Exception occurred during processing of request from ('100.90.156.46', 64325)
Traceback (most recent call last):
  File "/home/colby/.local/share/uv/python/cpython-3.13.15-linux-x86_64-gnu/lib/python3.13/socketserver.py", line 697, in process_request_thread
    self.finish_request(request, client_address)
    ~~~~~~~~~~~~~~~~~~~^^^^^^^^^^^^^^^^^^^^^^^^^
  File "/home/colby/.local/share/uv/python/cpython-3.13.15-linux-x86_64-gnu/lib/python3.13/socketserver.py", line 362, in finish_request
    self.RequestHandlerClass(request, client_address, self)
    ~~~~~~~~~~~~~~~~~~~~~~~~^^^^^^^^^^^^^^^^^^^^^^^^^^^^^^^
  File "/home/colby/.local/share/uv/python/cpython-3.13.15-linux-x86_64-gnu/lib/python3.13/socketserver.py", line 766, in __init__
    self.handle()
    ~~~~~~~~~~~^^
  File "/home/colby/.local/share/uv/python/cpython-3.13.15-linux-x86_64-gnu/lib/python3.13/http/server.py", line 451, in handle
    self.handle_one_request()
    ~~~~~~~~~~~~~~~~~~~~~~~^^
  File "/home/colby/.local/share/uv/python/cpython-3.13.15-linux-x86_64-gnu/lib/python3.13/http/server.py", line 439, in handle_one_request
    method()
    ~~~~~~^^
  File "/home/colby/MediaSynthesis/headless-dj/web.py", line 83, in do_GET
    self._send_flac(f)
    ~~~~~~~~~~~~~~~^^^
  File "/home/colby/MediaSynthesis/headless-dj/web.py", line 111, in _send_flac
    self.wfile.write(chunk)
    ~~~~~~~~~~~~~~~~^^^^^^^
  File "/home/colby/.local/share/uv/python/cpython-3.13.15-linux-x86_64-gnu/lib/python3.13/socketserver.py", line 845, in write
    self._sock.sendall(b)
    ~~~~~~~~~~~~~~~~~~^^^
BrokenPipeError: [Errno 32] Broken pipe
----------------------------------------
----------------------------------------
Exception occurred during processing of request from ('100.90.156.46', 56694)
Traceback (most recent call last):
  File "/home/colby/.local/share/uv/python/cpython-3.13.15-linux-x86_64-gnu/lib/python3.13/socketserver.py", line 697, in process_request_thread
    self.finish_request(request, client_address)
    ~~~~~~~~~~~~~~~~~~~^^^^^^^^^^^^^^^^^^^^^^^^^
  File "/home/colby/.local/share/uv/python/cpython-3.13.15-linux-x86_64-gnu/lib/python3.13/socketserver.py", line 362, in finish_request
    self.RequestHandlerClass(request, client_address, self)
    ~~~~~~~~~~~~~~~~~~~~~~~~^^^^^^^^^^^^^^^^^^^^^^^^^^^^^^^
  File "/home/colby/.local/share/uv/python/cpython-3.13.15-linux-x86_64-gnu/lib/python3.13/socketserver.py", line 766, in __init__
    self.handle()
    ~~~~~~~~~~~^^
  File "/home/colby/.local/share/uv/python/cpython-3.13.15-linux-x86_64-gnu/lib/python3.13/http/server.py", line 451, in handle
    self.handle_one_request()
    ~~~~~~~~~~~~~~~~~~~~~~~^^
  File "/home/colby/.local/share/uv/python/cpython-3.13.15-linux-x86_64-gnu/lib/python3.13/http/server.py", line 439, in handle_one_request
    method()
    ~~~~~~^^
  File "/home/colby/MediaSynthesis/headless-dj/web.py", line 83, in do_GET
    self._send_flac(f)
    ~~~~~~~~~~~~~~~^^^
  File "/home/colby/MediaSynthesis/headless-dj/web.py", line 111, in _send_flac
    self.wfile.write(chunk)
    ~~~~~~~~~~~~~~~~^^^^^^^
  File "/home/colby/.local/share/uv/python/cpython-3.13.15-linux-x86_64-gnu/lib/python3.13/socketserver.py", line 845, in write
    self._sock.sendall(b)
    ~~~~~~~~~~~~~~~~~~^^^
BrokenPipeError: [Errno 32] Broken pipe
----------------------------------------
----------------------------------------
Exception occurred during processing of request from ('100.90.156.46', 49365)
Traceback (most recent call last):
  File "/home/colby/.local/share/uv/python/cpython-3.13.15-linux-x86_64-gnu/lib/python3.13/socketserver.py", line 697, in process_request_thread
    self.finish_request(request, client_address)
    ~~~~~~~~~~~~~~~~~~~^^^^^^^^^^^^^^^^^^^^^^^^^
  File "/home/colby/.local/share/uv/python/cpython-3.13.15-linux-x86_64-gnu/lib/python3.13/socketserver.py", line 362, in finish_request
    self.RequestHandlerClass(request, client_address, self)
    ~~~~~~~~~~~~~~~~~~~~~~~~^^^^^^^^^^^^^^^^^^^^^^^^^^^^^^^
  File "/home/colby/.local/share/uv/python/cpython-3.13.15-linux-x86_64-gnu/lib/python3.13/socketserver.py", line 766, in __init__
    self.handle()
    ~~~~~~~~~~~^^
  File "/home/colby/.local/share/uv/python/cpython-3.13.15-linux-x86_64-gnu/lib/python3.13/http/server.py", line 451, in handle
    self.handle_one_request()
    ~~~~~~~~~~~~~~~~~~~~~~~^^
  File "/home/colby/.local/share/uv/python/cpython-3.13.15-linux-x86_64-gnu/lib/python3.13/http/server.py", line 439, in handle_one_request
    method()
    ~~~~~~^^
  File "/home/colby/MediaSynthesis/headless-dj/web.py", line 83, in do_GET
    self._send_flac(f)
    ~~~~~~~~~~~~~~~^^^
  File "/home/colby/MediaSynthesis/headless-dj/web.py", line 111, in _send_flac
    self.wfile.write(chunk)
    ~~~~~~~~~~~~~~~~^^^^^^^
  File "/home/colby/.local/share/uv/python/cpython-3.13.15-linux-x86_64-gnu/lib/python3.13/socketserver.py", line 845, in write
    self._sock.sendall(b)
    ~~~~~~~~~~~~~~~~~~^^^
BrokenPipeError: [Errno 32] Broken pipe
----------------------------------------
----------------------------------------
Exception occurred during processing of request from ('100.90.156.46', 53598)
Traceback (most recent call last):
  File "/home/colby/.local/share/uv/python/cpython-3.13.15-linux-x86_64-gnu/lib/python3.13/socketserver.py", line 697, in process_request_thread
    self.finish_request(request, client_address)
    ~~~~~~~~~~~~~~~~~~~^^^^^^^^^^^^^^^^^^^^^^^^^
  File "/home/colby/.local/share/uv/python/cpython-3.13.15-linux-x86_64-gnu/lib/python3.13/socketserver.py", line 362, in finish_request
    self.RequestHandlerClass(request, client_address, self)
    ~~~~~~~~~~~~~~~~~~~~~~~~^^^^^^^^^^^^^^^^^^^^^^^^^^^^^^^
  File "/home/colby/.local/share/uv/python/cpython-3.13.15-linux-x86_64-gnu/lib/python3.13/socketserver.py", line 766, in __init__
    self.handle()
    ~~~~~~~~~~~^^
  File "/home/colby/.local/share/uv/python/cpython-3.13.15-linux-x86_64-gnu/lib/python3.13/http/server.py", line 451, in handle
    self.handle_one_request()
    ~~~~~~~~~~~~~~~~~~~~~~~^^
  File "/home/colby/.local/share/uv/python/cpython-3.13.15-linux-x86_64-gnu/lib/python3.13/http/server.py", line 439, in handle_one_request
    method()
    ~~~~~~^^
  File "/home/colby/MediaSynthesis/headless-dj/web.py", line 83, in do_GET
    self._send_flac(f)
    ~~~~~~~~~~~~~~~^^^
  File "/home/colby/MediaSynthesis/headless-dj/web.py", line 111, in _send_flac
    self.wfile.write(chunk)
    ~~~~~~~~~~~~~~~~^^^^^^^
  File "/home/colby/.local/share/uv/python/cpython-3.13.15-linux-x86_64-gnu/lib/python3.13/socketserver.py", line 845, in write
    self._sock.sendall(b)
    ~~~~~~~~~~~~~~~~~~^^^
BrokenPipeError: [Errno 32] Broken pipe
----------------------------------------
----------------------------------------
Exception occurred during processing of request from ('100.90.156.46', 61850)
Traceback (most recent call last):
  File "/home/colby/.local/share/uv/python/cpython-3.13.15-linux-x86_64-gnu/lib/python3.13/socketserver.py", line 697, in process_request_thread
    self.finish_request(request, client_address)
    ~~~~~~~~~~~~~~~~~~~^^^^^^^^^^^^^^^^^^^^^^^^^
  File "/home/colby/.local/share/uv/python/cpython-3.13.15-linux-x86_64-gnu/lib/python3.13/socketserver.py", line 362, in finish_request
    self.RequestHandlerClass(request, client_address, self)
    ~~~~~~~~~~~~~~~~~~~~~~~~^^^^^^^^^^^^^^^^^^^^^^^^^^^^^^^
  File "/home/colby/.local/share/uv/python/cpython-3.13.15-linux-x86_64-gnu/lib/python3.13/socketserver.py", line 766, in __init__
    self.handle()
    ~~~~~~~~~~~^^
  File "/home/colby/.local/share/uv/python/cpython-3.13.15-linux-x86_64-gnu/lib/python3.13/http/server.py", line 451, in handle
    self.handle_one_request()
    ~~~~~~~~~~~~~~~~~~~~~~~^^
  File "/home/colby/.local/share/uv/python/cpython-3.13.15-linux-x86_64-gnu/lib/python3.13/http/server.py", line 439, in handle_one_request
    method()
    ~~~~~~^^
  File "/home/colby/MediaSynthesis/headless-dj/web.py", line 83, in do_GET
    self._send_flac(f)
    ~~~~~~~~~~~~~~~^^^
  File "/home/colby/MediaSynthesis/headless-dj/web.py", line 111, in _send_flac
    self.wfile.write(chunk)
    ~~~~~~~~~~~~~~~~^^^^^^^
  File "/home/colby/.local/share/uv/python/cpython-3.13.15-linux-x86_64-gnu/lib/python3.13/socketserver.py", line 845, in write
    self._sock.sendall(b)
    ~~~~~~~~~~~~~~~~~~^^^
BrokenPipeError: [Errno 32] Broken pipe
----------------------------------------
----------------------------------------
Exception occurred during processing of request from ('100.90.156.46', 64978)
Traceback (most recent call last):
  File "/home/colby/.local/share/uv/python/cpython-3.13.15-linux-x86_64-gnu/lib/python3.13/socketserver.py", line 697, in process_request_thread
    self.finish_request(request, client_address)
    ~~~~~~~~~~~~~~~~~~~^^^^^^^^^^^^^^^^^^^^^^^^^
  File "/home/colby/.local/share/uv/python/cpython-3.13.15-linux-x86_64-gnu/lib/python3.13/socketserver.py", line 362, in finish_request
    self.RequestHandlerClass(request, client_address, self)
    ~~~~~~~~~~~~~~~~~~~~~~~~^^^^^^^^^^^^^^^^^^^^^^^^^^^^^^^
  File "/home/colby/.local/share/uv/python/cpython-3.13.15-linux-x86_64-gnu/lib/python3.13/socketserver.py", line 766, in __init__
    self.handle()
    ~~~~~~~~~~~^^
  File "/home/colby/.local/share/uv/python/cpython-3.13.15-linux-x86_64-gnu/lib/python3.13/http/server.py", line 451, in handle
    self.handle_one_request()
    ~~~~~~~~~~~~~~~~~~~~~~~^^
  File "/home/colby/.local/share/uv/python/cpython-3.13.15-linux-x86_64-gnu/lib/python3.13/http/server.py", line 439, in handle_one_request
    method()
    ~~~~~~^^
  File "/home/colby/MediaSynthesis/headless-dj/web.py", line 83, in do_GET
    self._send_flac(f)
    ~~~~~~~~~~~~~~~^^^
  File "/home/colby/MediaSynthesis/headless-dj/web.py", line 111, in _send_flac
    self.wfile.write(chunk)
    ~~~~~~~~~~~~~~~~^^^^^^^
  File "/home/colby/.local/share/uv/python/cpython-3.13.15-linux-x86_64-gnu/lib/python3.13/socketserver.py", line 845, in write
    self._sock.sendall(b)
    ~~~~~~~~~~~~~~~~~~^^^
BrokenPipeError: [Errno 32] Broken pipe
----------------------------------------
----------------------------------------
Exception occurred during processing of request from ('100.90.156.46', 55658)
Traceback (most recent call last):
  File "/home/colby/.local/share/uv/python/cpython-3.13.15-linux-x86_64-gnu/lib/python3.13/socketserver.py", line 697, in process_request_thread
    self.finish_request(request, client_address)
    ~~~~~~~~~~~~~~~~~~~^^^^^^^^^^^^^^^^^^^^^^^^^
  File "/home/colby/.local/share/uv/python/cpython-3.13.15-linux-x86_64-gnu/lib/python3.13/socketserver.py", line 362, in finish_request
    self.RequestHandlerClass(request, client_address, self)
    ~~~~~~~~~~~~~~~~~~~~~~~~^^^^^^^^^^^^^^^^^^^^^^^^^^^^^^^
  File "/home/colby/.local/share/uv/python/cpython-3.13.15-linux-x86_64-gnu/lib/python3.13/socketserver.py", line 766, in __init__
    self.handle()
    ~~~~~~~~~~~^^
  File "/home/colby/.local/share/uv/python/cpython-3.13.15-linux-x86_64-gnu/lib/python3.13/http/server.py", line 451, in handle
    self.handle_one_request()
    ~~~~~~~~~~~~~~~~~~~~~~~^^
  File "/home/colby/.local/share/uv/python/cpython-3.13.15-linux-x86_64-gnu/lib/python3.13/http/server.py", line 439, in handle_one_request
    method()
    ~~~~~~^^
  File "/home/colby/MediaSynthesis/headless-dj/web.py", line 83, in do_GET
    self._send_flac(f)
    ~~~~~~~~~~~~~~~^^^
  File "/home/colby/MediaSynthesis/headless-dj/web.py", line 111, in _send_flac
    self.wfile.write(chunk)
    ~~~~~~~~~~~~~~~~^^^^^^^
  File "/home/colby/.local/share/uv/python/cpython-3.13.15-linux-x86_64-gnu/lib/python3.13/socketserver.py", line 845, in write
    self._sock.sendall(b)
    ~~~~~~~~~~~~~~~~~~^^^
BrokenPipeError: [Errno 32] Broken pipe
----------------------------------------
----------------------------------------
Exception occurred during processing of request from ('100.90.156.46', 63060)
Traceback (most recent call last):
  File "/home/colby/.local/share/uv/python/cpython-3.13.15-linux-x86_64-gnu/lib/python3.13/socketserver.py", line 697, in process_request_thread
    self.finish_request(request, client_address)
    ~~~~~~~~~~~~~~~~~~~^^^^^^^^^^^^^^^^^^^^^^^^^
  File "/home/colby/.local/share/uv/python/cpython-3.13.15-linux-x86_64-gnu/lib/python3.13/socketserver.py", line 362, in finish_request
    self.RequestHandlerClass(request, client_address, self)
    ~~~~~~~~~~~~~~~~~~~~~~~~^^^^^^^^^^^^^^^^^^^^^^^^^^^^^^^
  File "/home/colby/.local/share/uv/python/cpython-3.13.15-linux-x86_64-gnu/lib/python3.13/socketserver.py", line 766, in __init__
    self.handle()
    ~~~~~~~~~~~^^
  File "/home/colby/.local/share/uv/python/cpython-3.13.15-linux-x86_64-gnu/lib/python3.13/http/server.py", line 451, in handle
    self.handle_one_request()
    ~~~~~~~~~~~~~~~~~~~~~~~^^
  File "/home/colby/.local/share/uv/python/cpython-3.13.15-linux-x86_64-gnu/lib/python3.13/http/server.py", line 439, in handle_one_request
    method()
    ~~~~~~^^
  File "/home/colby/MediaSynthesis/headless-dj/web.py", line 83, in do_GET
    self._send_flac(f)
    ~~~~~~~~~~~~~~~^^^
  File "/home/colby/MediaSynthesis/headless-dj/web.py", line 111, in _send_flac
    self.wfile.write(chunk)
    ~~~~~~~~~~~~~~~~^^^^^^^
  File "/home/colby/.local/share/uv/python/cpython-3.13.15-linux-x86_64-gnu/lib/python3.13/socketserver.py", line 845, in write
    self._sock.sendall(b)
    ~~~~~~~~~~~~~~~~~~^^^
BrokenPipeError: [Errno 32] Broken pipe
----------------------------------------
----------------------------------------
Exception occurred during processing of request from ('100.90.156.46', 59011)
Traceback (most recent call last):
  File "/home/colby/.local/share/uv/python/cpython-3.13.15-linux-x86_64-gnu/lib/python3.13/socketserver.py", line 697, in process_request_thread
    self.finish_request(request, client_address)
    ~~~~~~~~~~~~~~~~~~~^^^^^^^^^^^^^^^^^^^^^^^^^
  File "/home/colby/.local/share/uv/python/cpython-3.13.15-linux-x86_64-gnu/lib/python3.13/socketserver.py", line 362, in finish_request
    self.RequestHandlerClass(request, client_address, self)
    ~~~~~~~~~~~~~~~~~~~~~~~~^^^^^^^^^^^^^^^^^^^^^^^^^^^^^^^
  File "/home/colby/.local/share/uv/python/cpython-3.13.15-linux-x86_64-gnu/lib/python3.13/socketserver.py", line 766, in __init__
    self.handle()
    ~~~~~~~~~~~^^
  File "/home/colby/.local/share/uv/python/cpython-3.13.15-linux-x86_64-gnu/lib/python3.13/http/server.py", line 451, in handle
    self.handle_one_request()
    ~~~~~~~~~~~~~~~~~~~~~~~^^
  File "/home/colby/.local/share/uv/python/cpython-3.13.15-linux-x86_64-gnu/lib/python3.13/http/server.py", line 439, in handle_one_request
    method()
    ~~~~~~^^
  File "/home/colby/MediaSynthesis/headless-dj/web.py", line 83, in do_GET
    self._send_flac(f)
    ~~~~~~~~~~~~~~~^^^
  File "/home/colby/MediaSynthesis/headless-dj/web.py", line 111, in _send_flac
    self.wfile.write(chunk)
    ~~~~~~~~~~~~~~~~^^^^^^^
  File "/home/colby/.local/share/uv/python/cpython-3.13.15-linux-x86_64-gnu/lib/python3.13/socketserver.py", line 845, in write
    self._sock.sendall(b)
    ~~~~~~~~~~~~~~~~~~^^^
BrokenPipeError: [Errno 32] Broken pipe
----------------------------------------
----------------------------------------
Exception occurred during processing of request from ('100.90.156.46', 63298)
Traceback (most recent call last):
  File "/home/colby/.local/share/uv/python/cpython-3.13.15-linux-x86_64-gnu/lib/python3.13/socketserver.py", line 697, in process_request_thread
    self.finish_request(request, client_address)
    ~~~~~~~~~~~~~~~~~~~^^^^^^^^^^^^^^^^^^^^^^^^^
  File "/home/colby/.local/share/uv/python/cpython-3.13.15-linux-x86_64-gnu/lib/python3.13/socketserver.py", line 362, in finish_request
    self.RequestHandlerClass(request, client_address, self)
    ~~~~~~~~~~~~~~~~~~~~~~~~^^^^^^^^^^^^^^^^^^^^^^^^^^^^^^^
  File "/home/colby/.local/share/uv/python/cpython-3.13.15-linux-x86_64-gnu/lib/python3.13/socketserver.py", line 766, in __init__
    self.handle()
    ~~~~~~~~~~~^^
  File "/home/colby/.local/share/uv/python/cpython-3.13.15-linux-x86_64-gnu/lib/python3.13/http/server.py", line 451, in handle
    self.handle_one_request()
    ~~~~~~~~~~~~~~~~~~~~~~~^^
  File "/home/colby/.local/share/uv/python/cpython-3.13.15-linux-x86_64-gnu/lib/python3.13/http/server.py", line 439, in handle_one_request
    method()
    ~~~~~~^^
  File "/home/colby/MediaSynthesis/headless-dj/web.py", line 83, in do_GET
    self._send_flac(f)
    ~~~~~~~~~~~~~~~^^^
  File "/home/colby/MediaSynthesis/headless-dj/web.py", line 111, in _send_flac
    self.wfile.write(chunk)
    ~~~~~~~~~~~~~~~~^^^^^^^
  File "/home/colby/.local/share/uv/python/cpython-3.13.15-linux-x86_64-gnu/lib/python3.13/socketserver.py", line 845, in write
    self._sock.sendall(b)
    ~~~~~~~~~~~~~~~~~~^^^
BrokenPipeError: [Errno 32] Broken pipe
----------------------------------------
----------------------------------------
Exception occurred during processing of request from ('100.90.156.46', 63335)
Traceback (most recent call last):
  File "/home/colby/.local/share/uv/python/cpython-3.13.15-linux-x86_64-gnu/lib/python3.13/socketserver.py", line 697, in process_request_thread
    self.finish_request(request, client_address)
    ~~~~~~~~~~~~~~~~~~~^^^^^^^^^^^^^^^^^^^^^^^^^
  File "/home/colby/.local/share/uv/python/cpython-3.13.15-linux-x86_64-gnu/lib/python3.13/socketserver.py", line 362, in finish_request
    self.RequestHandlerClass(request, client_address, self)
    ~~~~~~~~~~~~~~~~~~~~~~~~^^^^^^^^^^^^^^^^^^^^^^^^^^^^^^^
  File "/home/colby/.local/share/uv/python/cpython-3.13.15-linux-x86_64-gnu/lib/python3.13/socketserver.py", line 766, in __init__
    self.handle()
    ~~~~~~~~~~~^^
  File "/home/colby/.local/share/uv/python/cpython-3.13.15-linux-x86_64-gnu/lib/python3.13/http/server.py", line 451, in handle
    self.handle_one_request()
    ~~~~~~~~~~~~~~~~~~~~~~~^^
  File "/home/colby/.local/share/uv/python/cpython-3.13.15-linux-x86_64-gnu/lib/python3.13/http/server.py", line 439, in handle_one_request
    method()
    ~~~~~~^^
  File "/home/colby/MediaSynthesis/headless-dj/web.py", line 83, in do_GET
    self._send_flac(f)
    ~~~~~~~~~~~~~~~^^^
  File "/home/colby/MediaSynthesis/headless-dj/web.py", line 111, in _send_flac
    self.wfile.write(chunk)
    ~~~~~~~~~~~~~~~~^^^^^^^
  File "/home/colby/.local/share/uv/python/cpython-3.13.15-linux-x86_64-gnu/lib/python3.13/socketserver.py", line 845, in write
    self._sock.sendall(b)
    ~~~~~~~~~~~~~~~~~~^^^
BrokenPipeError: [Errno 32] Broken pipe
----------------------------------------
----------------------------------------
Exception occurred during processing of request from ('100.90.156.46', 57166)
Traceback (most recent call last):
  File "/home/colby/.local/share/uv/python/cpython-3.13.15-linux-x86_64-gnu/lib/python3.13/socketserver.py", line 697, in process_request_thread
    self.finish_request(request, client_address)
    ~~~~~~~~~~~~~~~~~~~^^^^^^^^^^^^^^^^^^^^^^^^^
  File "/home/colby/.local/share/uv/python/cpython-3.13.15-linux-x86_64-gnu/lib/python3.13/socketserver.py", line 362, in finish_request
    self.RequestHandlerClass(request, client_address, self)
    ~~~~~~~~~~~~~~~~~~~~~~~~^^^^^^^^^^^^^^^^^^^^^^^^^^^^^^^
  File "/home/colby/.local/share/uv/python/cpython-3.13.15-linux-x86_64-gnu/lib/python3.13/socketserver.py", line 766, in __init__
    self.handle()
    ~~~~~~~~~~~^^
  File "/home/colby/.local/share/uv/python/cpython-3.13.15-linux-x86_64-gnu/lib/python3.13/http/server.py", line 451, in handle
    self.handle_one_request()
    ~~~~~~~~~~~~~~~~~~~~~~~^^
  File "/home/colby/.local/share/uv/python/cpython-3.13.15-linux-x86_64-gnu/lib/python3.13/http/server.py", line 439, in handle_one_request
    method()
    ~~~~~~^^
  File "/home/colby/MediaSynthesis/headless-dj/web.py", line 83, in do_GET
    self._send_flac(f)
    ~~~~~~~~~~~~~~~^^^
  File "/home/colby/MediaSynthesis/headless-dj/web.py", line 111, in _send_flac
    self.wfile.write(chunk)
    ~~~~~~~~~~~~~~~~^^^^^^^
  File "/home/colby/.local/share/uv/python/cpython-3.13.15-linux-x86_64-gnu/lib/python3.13/socketserver.py", line 845, in write
    self._sock.sendall(b)
    ~~~~~~~~~~~~~~~~~~^^^
BrokenPipeError: [Errno 32] Broken pipe
----------------------------------------
----------------------------------------
Exception occurred during processing of request from ('100.90.156.46', 54583)
Traceback (most recent call last):
  File "/home/colby/.local/share/uv/python/cpython-3.13.15-linux-x86_64-gnu/lib/python3.13/socketserver.py", line 697, in process_request_thread
    self.finish_request(request, client_address)
    ~~~~~~~~~~~~~~~~~~~^^^^^^^^^^^^^^^^^^^^^^^^^
  File "/home/colby/.local/share/uv/python/cpython-3.13.15-linux-x86_64-gnu/lib/python3.13/socketserver.py", line 362, in finish_request
    self.RequestHandlerClass(request, client_address, self)
    ~~~~~~~~~~~~~~~~~~~~~~~~^^^^^^^^^^^^^^^^^^^^^^^^^^^^^^^
  File "/home/colby/.local/share/uv/python/cpython-3.13.15-linux-x86_64-gnu/lib/python3.13/socketserver.py", line 766, in __init__
    self.handle()
    ~~~~~~~~~~~^^
  File "/home/colby/.local/share/uv/python/cpython-3.13.15-linux-x86_64-gnu/lib/python3.13/http/server.py", line 451, in handle
    self.handle_one_request()
    ~~~~~~~~~~~~~~~~~~~~~~~^^
  File "/home/colby/.local/share/uv/python/cpython-3.13.15-linux-x86_64-gnu/lib/python3.13/http/server.py", line 439, in handle_one_request
    method()
    ~~~~~~^^
  File "/home/colby/MediaSynthesis/headless-dj/web.py", line 83, in do_GET
    self._send_flac(f)
    ~~~~~~~~~~~~~~~^^^
  File "/home/colby/MediaSynthesis/headless-dj/web.py", line 111, in _send_flac
    self.wfile.write(chunk)
    ~~~~~~~~~~~~~~~~^^^^^^^
  File "/home/colby/.local/share/uv/python/cpython-3.13.15-linux-x86_64-gnu/lib/python3.13/socketserver.py", line 845, in write
    self._sock.sendall(b)
    ~~~~~~~~~~~~~~~~~~^^^
BrokenPipeError: [Errno 32] Broken pipe
----------------------------------------
----------------------------------------
Exception occurred during processing of request from ('100.90.156.46', 50420)
Traceback (most recent call last):
  File "/home/colby/.local/share/uv/python/cpython-3.13.15-linux-x86_64-gnu/lib/python3.13/socketserver.py", line 697, in process_request_thread
    self.finish_request(request, client_address)
    ~~~~~~~~~~~~~~~~~~~^^^^^^^^^^^^^^^^^^^^^^^^^
  File "/home/colby/.local/share/uv/python/cpython-3.13.15-linux-x86_64-gnu/lib/python3.13/socketserver.py", line 362, in finish_request
    self.RequestHandlerClass(request, client_address, self)
    ~~~~~~~~~~~~~~~~~~~~~~~~^^^^^^^^^^^^^^^^^^^^^^^^^^^^^^^
  File "/home/colby/.local/share/uv/python/cpython-3.13.15-linux-x86_64-gnu/lib/python3.13/socketserver.py", line 766, in __init__
    self.handle()
    ~~~~~~~~~~~^^
  File "/home/colby/.local/share/uv/python/cpython-3.13.15-linux-x86_64-gnu/lib/python3.13/http/server.py", line 451, in handle
    self.handle_one_request()
    ~~~~~~~~~~~~~~~~~~~~~~~^^
  File "/home/colby/.local/share/uv/python/cpython-3.13.15-linux-x86_64-gnu/lib/python3.13/http/server.py", line 439, in handle_one_request
    method()
    ~~~~~~^^
  File "/home/colby/MediaSynthesis/headless-dj/web.py", line 83, in do_GET
    self._send_flac(f)
    ~~~~~~~~~~~~~~~^^^
  File "/home/colby/MediaSynthesis/headless-dj/web.py", line 111, in _send_flac
    self.wfile.write(chunk)
    ~~~~~~~~~~~~~~~~^^^^^^^
  File "/home/colby/.local/share/uv/python/cpython-3.13.15-linux-x86_64-gnu/lib/python3.13/socketserver.py", line 845, in write
    self._sock.sendall(b)
    ~~~~~~~~~~~~~~~~~~^^^
BrokenPipeError: [Errno 32] Broken pipe
----------------------------------------
----------------------------------------
Exception occurred during processing of request from ('100.90.156.46', 53399)
Traceback (most recent call last):
  File "/home/colby/.local/share/uv/python/cpython-3.13.15-linux-x86_64-gnu/lib/python3.13/socketserver.py", line 697, in process_request_thread
    self.finish_request(request, client_address)
    ~~~~~~~~~~~~~~~~~~~^^^^^^^^^^^^^^^^^^^^^^^^^
  File "/home/colby/.local/share/uv/python/cpython-3.13.15-linux-x86_64-gnu/lib/python3.13/socketserver.py", line 362, in finish_request
    self.RequestHandlerClass(request, client_address, self)
    ~~~~~~~~~~~~~~~~~~~~~~~~^^^^^^^^^^^^^^^^^^^^^^^^^^^^^^^
  File "/home/colby/.local/share/uv/python/cpython-3.13.15-linux-x86_64-gnu/lib/python3.13/socketserver.py", line 766, in __init__
    self.handle()
    ~~~~~~~~~~~^^
  File "/home/colby/.local/share/uv/python/cpython-3.13.15-linux-x86_64-gnu/lib/python3.13/http/server.py", line 451, in handle
    self.handle_one_request()
    ~~~~~~~~~~~~~~~~~~~~~~~^^
  File "/home/colby/.local/share/uv/python/cpython-3.13.15-linux-x86_64-gnu/lib/python3.13/http/server.py", line 439, in handle_one_request
    method()
    ~~~~~~^^
  File "/home/colby/MediaSynthesis/headless-dj/web.py", line 83, in do_GET
    self._send_flac(f)
    ~~~~~~~~~~~~~~~^^^
  File "/home/colby/MediaSynthesis/headless-dj/web.py", line 111, in _send_flac
    self.wfile.write(chunk)
    ~~~~~~~~~~~~~~~~^^^^^^^
  File "/home/colby/.local/share/uv/python/cpython-3.13.15-linux-x86_64-gnu/lib/python3.13/socketserver.py", line 845, in write
    self._sock.sendall(b)
    ~~~~~~~~~~~~~~~~~~^^^
BrokenPipeError: [Errno 32] Broken pipe
----------------------------------------
----------------------------------------
Exception occurred during processing of request from ('100.90.156.46', 53453)
Traceback (most recent call last):
  File "/home/colby/.local/share/uv/python/cpython-3.13.15-linux-x86_64-gnu/lib/python3.13/socketserver.py", line 697, in process_request_thread
    self.finish_request(request, client_address)
    ~~~~~~~~~~~~~~~~~~~^^^^^^^^^^^^^^^^^^^^^^^^^
  File "/home/colby/.local/share/uv/python/cpython-3.13.15-linux-x86_64-gnu/lib/python3.13/socketserver.py", line 362, in finish_request
    self.RequestHandlerClass(request, client_address, self)
    ~~~~~~~~~~~~~~~~~~~~~~~~^^^^^^^^^^^^^^^^^^^^^^^^^^^^^^^
  File "/home/colby/.local/share/uv/python/cpython-3.13.15-linux-x86_64-gnu/lib/python3.13/socketserver.py", line 766, in __init__
    self.handle()
    ~~~~~~~~~~~^^
  File "/home/colby/.local/share/uv/python/cpython-3.13.15-linux-x86_64-gnu/lib/python3.13/http/server.py", line 451, in handle
    self.handle_one_request()
    ~~~~~~~~~~~~~~~~~~~~~~~^^
  File "/home/colby/.local/share/uv/python/cpython-3.13.15-linux-x86_64-gnu/lib/python3.13/http/server.py", line 439, in handle_one_request
    method()
    ~~~~~~^^
  File "/home/colby/MediaSynthesis/headless-dj/web.py", line 83, in do_GET
    self._send_flac(f)
    ~~~~~~~~~~~~~~~^^^
  File "/home/colby/MediaSynthesis/headless-dj/web.py", line 111, in _send_flac
    self.wfile.write(chunk)
    ~~~~~~~~~~~~~~~~^^^^^^^
  File "/home/colby/.local/share/uv/python/cpython-3.13.15-linux-x86_64-gnu/lib/python3.13/socketserver.py", line 845, in write
    self._sock.sendall(b)
    ~~~~~~~~~~~~~~~~~~^^^
BrokenPipeError: [Errno 32] Broken pipe
----------------------------------------
----------------------------------------
Exception occurred during processing of request from ('100.90.156.46', 64772)
Traceback (most recent call last):
  File "/home/colby/.local/share/uv/python/cpython-3.13.15-linux-x86_64-gnu/lib/python3.13/socketserver.py", line 697, in process_request_thread
    self.finish_request(request, client_address)
    ~~~~~~~~~~~~~~~~~~~^^^^^^^^^^^^^^^^^^^^^^^^^
  File "/home/colby/.local/share/uv/python/cpython-3.13.15-linux-x86_64-gnu/lib/python3.13/socketserver.py", line 362, in finish_request
    self.RequestHandlerClass(request, client_address, self)
    ~~~~~~~~~~~~~~~~~~~~~~~~^^^^^^^^^^^^^^^^^^^^^^^^^^^^^^^
  File "/home/colby/.local/share/uv/python/cpython-3.13.15-linux-x86_64-gnu/lib/python3.13/socketserver.py", line 766, in __init__
    self.handle()
    ~~~~~~~~~~~^^
  File "/home/colby/.local/share/uv/python/cpython-3.13.15-linux-x86_64-gnu/lib/python3.13/http/server.py", line 451, in handle
    self.handle_one_request()
    ~~~~~~~~~~~~~~~~~~~~~~~^^
  File "/home/colby/.local/share/uv/python/cpython-3.13.15-linux-x86_64-gnu/lib/python3.13/http/server.py", line 439, in handle_one_request
    method()
    ~~~~~~^^
  File "/home/colby/MediaSynthesis/headless-dj/web.py", line 83, in do_GET
    self._send_flac(f)
    ~~~~~~~~~~~~~~~^^^
  File "/home/colby/MediaSynthesis/headless-dj/web.py", line 111, in _send_flac
    self.wfile.write(chunk)
    ~~~~~~~~~~~~~~~~^^^^^^^
  File "/home/colby/.local/share/uv/python/cpython-3.13.15-linux-x86_64-gnu/lib/python3.13/socketserver.py", line 845, in write
    self._sock.sendall(b)
    ~~~~~~~~~~~~~~~~~~^^^
BrokenPipeError: [Errno 32] Broken pipe
----------------------------------------
----------------------------------------
Exception occurred during processing of request from ('100.90.156.46', 53234)
Traceback (most recent call last):
  File "/home/colby/.local/share/uv/python/cpython-3.13.15-linux-x86_64-gnu/lib/python3.13/socketserver.py", line 697, in process_request_thread
    self.finish_request(request, client_address)
    ~~~~~~~~~~~~~~~~~~~^^^^^^^^^^^^^^^^^^^^^^^^^
  File "/home/colby/.local/share/uv/python/cpython-3.13.15-linux-x86_64-gnu/lib/python3.13/socketserver.py", line 362, in finish_request
    self.RequestHandlerClass(request, client_address, self)
    ~~~~~~~~~~~~~~~~~~~~~~~~^^^^^^^^^^^^^^^^^^^^^^^^^^^^^^^
  File "/home/colby/.local/share/uv/python/cpython-3.13.15-linux-x86_64-gnu/lib/python3.13/socketserver.py", line 766, in __init__
    self.handle()
    ~~~~~~~~~~~^^
  File "/home/colby/.local/share/uv/python/cpython-3.13.15-linux-x86_64-gnu/lib/python3.13/http/server.py", line 451, in handle
    self.handle_one_request()
    ~~~~~~~~~~~~~~~~~~~~~~~^^
  File "/home/colby/.local/share/uv/python/cpython-3.13.15-linux-x86_64-gnu/lib/python3.13/http/server.py", line 439, in handle_one_request
    method()
    ~~~~~~^^
  File "/home/colby/MediaSynthesis/headless-dj/web.py", line 83, in do_GET
    self._send_flac(f)
    ~~~~~~~~~~~~~~~^^^
  File "/home/colby/MediaSynthesis/headless-dj/web.py", line 111, in _send_flac
    self.wfile.write(chunk)
    ~~~~~~~~~~~~~~~~^^^^^^^
  File "/home/colby/.local/share/uv/python/cpython-3.13.15-linux-x86_64-gnu/lib/python3.13/socketserver.py", line 845, in write
    self._sock.sendall(b)
    ~~~~~~~~~~~~~~~~~~^^^
BrokenPipeError: [Errno 32] Broken pipe
----------------------------------------
----------------------------------------
Exception occurred during processing of request from ('100.90.156.46', 58155)
Traceback (most recent call last):
  File "/home/colby/.local/share/uv/python/cpython-3.13.15-linux-x86_64-gnu/lib/python3.13/socketserver.py", line 697, in process_request_thread
    self.finish_request(request, client_address)
    ~~~~~~~~~~~~~~~~~~~^^^^^^^^^^^^^^^^^^^^^^^^^
  File "/home/colby/.local/share/uv/python/cpython-3.13.15-linux-x86_64-gnu/lib/python3.13/socketserver.py", line 362, in finish_request
    self.RequestHandlerClass(request, client_address, self)
    ~~~~~~~~~~~~~~~~~~~~~~~~^^^^^^^^^^^^^^^^^^^^^^^^^^^^^^^
  File "/home/colby/.local/share/uv/python/cpython-3.13.15-linux-x86_64-gnu/lib/python3.13/socketserver.py", line 766, in __init__
    self.handle()
    ~~~~~~~~~~~^^
  File "/home/colby/.local/share/uv/python/cpython-3.13.15-linux-x86_64-gnu/lib/python3.13/http/server.py", line 451, in handle
    self.handle_one_request()
    ~~~~~~~~~~~~~~~~~~~~~~~^^
  File "/home/colby/.local/share/uv/python/cpython-3.13.15-linux-x86_64-gnu/lib/python3.13/http/server.py", line 439, in handle_one_request
    method()
    ~~~~~~^^
  File "/home/colby/MediaSynthesis/headless-dj/web.py", line 83, in do_GET
    self._send_flac(f)
    ~~~~~~~~~~~~~~~^^^
  File "/home/colby/MediaSynthesis/headless-dj/web.py", line 111, in _send_flac
    self.wfile.write(chunk)
    ~~~~~~~~~~~~~~~~^^^^^^^
  File "/home/colby/.local/share/uv/python/cpython-3.13.15-linux-x86_64-gnu/lib/python3.13/socketserver.py", line 845, in write
    self._sock.sendall(b)
    ~~~~~~~~~~~~~~~~~~^^^
BrokenPipeError: [Errno 32] Broken pipe
----------------------------------------
----------------------------------------
Exception occurred during processing of request from ('100.90.156.46', 50057)
Traceback (most recent call last):
  File "/home/colby/.local/share/uv/python/cpython-3.13.15-linux-x86_64-gnu/lib/python3.13/socketserver.py", line 697, in process_request_thread
    self.finish_request(request, client_address)
    ~~~~~~~~~~~~~~~~~~~^^^^^^^^^^^^^^^^^^^^^^^^^
  File "/home/colby/.local/share/uv/python/cpython-3.13.15-linux-x86_64-gnu/lib/python3.13/socketserver.py", line 362, in finish_request
    self.RequestHandlerClass(request, client_address, self)
    ~~~~~~~~~~~~~~~~~~~~~~~~^^^^^^^^^^^^^^^^^^^^^^^^^^^^^^^
  File "/home/colby/.local/share/uv/python/cpython-3.13.15-linux-x86_64-gnu/lib/python3.13/socketserver.py", line 766, in __init__
    self.handle()
    ~~~~~~~~~~~^^
  File "/home/colby/.local/share/uv/python/cpython-3.13.15-linux-x86_64-gnu/lib/python3.13/http/server.py", line 451, in handle
    self.handle_one_request()
    ~~~~~~~~~~~~~~~~~~~~~~~^^
  File "/home/colby/.local/share/uv/python/cpython-3.13.15-linux-x86_64-gnu/lib/python3.13/http/server.py", line 439, in handle_one_request
    method()
    ~~~~~~^^
  File "/home/colby/MediaSynthesis/headless-dj/web.py", line 83, in do_GET
    self._send_flac(f)
    ~~~~~~~~~~~~~~~^^^
  File "/home/colby/MediaSynthesis/headless-dj/web.py", line 111, in _send_flac
    self.wfile.write(chunk)
    ~~~~~~~~~~~~~~~~^^^^^^^
  File "/home/colby/.local/share/uv/python/cpython-3.13.15-linux-x86_64-gnu/lib/python3.13/socketserver.py", line 845, in write
    self._sock.sendall(b)
    ~~~~~~~~~~~~~~~~~~^^^
BrokenPipeError: [Errno 32] Broken pipe
----------------------------------------
----------------------------------------
Exception occurred during processing of request from ('100.90.156.46', 52349)
Traceback (most recent call last):
  File "/home/colby/.local/share/uv/python/cpython-3.13.15-linux-x86_64-gnu/lib/python3.13/socketserver.py", line 697, in process_request_thread
    self.finish_request(request, client_address)
    ~~~~~~~~~~~~~~~~~~~^^^^^^^^^^^^^^^^^^^^^^^^^
  File "/home/colby/.local/share/uv/python/cpython-3.13.15-linux-x86_64-gnu/lib/python3.13/socketserver.py", line 362, in finish_request
    self.RequestHandlerClass(request, client_address, self)
    ~~~~~~~~~~~~~~~~~~~~~~~~^^^^^^^^^^^^^^^^^^^^^^^^^^^^^^^
  File "/home/colby/.local/share/uv/python/cpython-3.13.15-linux-x86_64-gnu/lib/python3.13/socketserver.py", line 766, in __init__
    self.handle()
    ~~~~~~~~~~~^^
  File "/home/colby/.local/share/uv/python/cpython-3.13.15-linux-x86_64-gnu/lib/python3.13/http/server.py", line 451, in handle
    self.handle_one_request()
    ~~~~~~~~~~~~~~~~~~~~~~~^^
  File "/home/colby/.local/share/uv/python/cpython-3.13.15-linux-x86_64-gnu/lib/python3.13/http/server.py", line 439, in handle_one_request
    method()
    ~~~~~~^^
  File "/home/colby/MediaSynthesis/headless-dj/web.py", line 83, in do_GET
    self._send_flac(f)
    ~~~~~~~~~~~~~~~^^^
  File "/home/colby/MediaSynthesis/headless-dj/web.py", line 111, in _send_flac
    self.wfile.write(chunk)
    ~~~~~~~~~~~~~~~~^^^^^^^
  File "/home/colby/.local/share/uv/python/cpython-3.13.15-linux-x86_64-gnu/lib/python3.13/socketserver.py", line 845, in write
    self._sock.sendall(b)
    ~~~~~~~~~~~~~~~~~~^^^
BrokenPipeError: [Errno 32] Broken pipe
----------------------------------------
----------------------------------------
Exception occurred during processing of request from ('100.90.156.46', 52993)
Traceback (most recent call last):
  File "/home/colby/.local/share/uv/python/cpython-3.13.15-linux-x86_64-gnu/lib/python3.13/socketserver.py", line 697, in process_request_thread
    self.finish_request(request, client_address)
    ~~~~~~~~~~~~~~~~~~~^^^^^^^^^^^^^^^^^^^^^^^^^
  File "/home/colby/.local/share/uv/python/cpython-3.13.15-linux-x86_64-gnu/lib/python3.13/socketserver.py", line 362, in finish_request
    self.RequestHandlerClass(request, client_address, self)
    ~~~~~~~~~~~~~~~~~~~~~~~~^^^^^^^^^^^^^^^^^^^^^^^^^^^^^^^
  File "/home/colby/.local/share/uv/python/cpython-3.13.15-linux-x86_64-gnu/lib/python3.13/socketserver.py", line 766, in __init__
    self.handle()
    ~~~~~~~~~~~^^
  File "/home/colby/.local/share/uv/python/cpython-3.13.15-linux-x86_64-gnu/lib/python3.13/http/server.py", line 451, in handle
    self.handle_one_request()
    ~~~~~~~~~~~~~~~~~~~~~~~^^
  File "/home/colby/.local/share/uv/python/cpython-3.13.15-linux-x86_64-gnu/lib/python3.13/http/server.py", line 439, in handle_one_request
    method()
    ~~~~~~^^
  File "/home/colby/MediaSynthesis/headless-dj/web.py", line 83, in do_GET
    self._send_flac(f)
    ~~~~~~~~~~~~~~~^^^
  File "/home/colby/MediaSynthesis/headless-dj/web.py", line 111, in _send_flac
    self.wfile.write(chunk)
    ~~~~~~~~~~~~~~~~^^^^^^^
  File "/home/colby/.local/share/uv/python/cpython-3.13.15-linux-x86_64-gnu/lib/python3.13/socketserver.py", line 845, in write
    self._sock.sendall(b)
    ~~~~~~~~~~~~~~~~~~^^^
BrokenPipeError: [Errno 32] Broken pipe
----------------------------------------
----------------------------------------
Exception occurred during processing of request from ('100.90.156.46', 52587)
Traceback (most recent call last):
  File "/home/colby/.local/share/uv/python/cpython-3.13.15-linux-x86_64-gnu/lib/python3.13/socketserver.py", line 697, in process_request_thread
    self.finish_request(request, client_address)
    ~~~~~~~~~~~~~~~~~~~^^^^^^^^^^^^^^^^^^^^^^^^^
  File "/home/colby/.local/share/uv/python/cpython-3.13.15-linux-x86_64-gnu/lib/python3.13/socketserver.py", line 362, in finish_request
    self.RequestHandlerClass(request, client_address, self)
    ~~~~~~~~~~~~~~~~~~~~~~~~^^^^^^^^^^^^^^^^^^^^^^^^^^^^^^^
  File "/home/colby/.local/share/uv/python/cpython-3.13.15-linux-x86_64-gnu/lib/python3.13/socketserver.py", line 766, in __init__
    self.handle()
    ~~~~~~~~~~~^^
  File "/home/colby/.local/share/uv/python/cpython-3.13.15-linux-x86_64-gnu/lib/python3.13/http/server.py", line 451, in handle
    self.handle_one_request()
    ~~~~~~~~~~~~~~~~~~~~~~~^^
  File "/home/colby/.local/share/uv/python/cpython-3.13.15-linux-x86_64-gnu/lib/python3.13/http/server.py", line 439, in handle_one_request
    method()
    ~~~~~~^^
  File "/home/colby/MediaSynthesis/headless-dj/web.py", line 83, in do_GET
    self._send_flac(f)
    ~~~~~~~~~~~~~~~^^^
  File "/home/colby/MediaSynthesis/headless-dj/web.py", line 111, in _send_flac
    self.wfile.write(chunk)
    ~~~~~~~~~~~~~~~~^^^^^^^
  File "/home/colby/.local/share/uv/python/cpython-3.13.15-linux-x86_64-gnu/lib/python3.13/socketserver.py", line 845, in write
    self._sock.sendall(b)
    ~~~~~~~~~~~~~~~~~~^^^
ConnectionResetError: [Errno 104] Connection reset by peer
----------------------------------------
----------------------------------------
Exception occurred during processing of request from ('100.90.156.46', 54282)
Traceback (most recent call last):
  File "/home/colby/.local/share/uv/python/cpython-3.13.15-linux-x86_64-gnu/lib/python3.13/socketserver.py", line 697, in process_request_thread
    self.finish_request(request, client_address)
    ~~~~~~~~~~~~~~~~~~~^^^^^^^^^^^^^^^^^^^^^^^^^
  File "/home/colby/.local/share/uv/python/cpython-3.13.15-linux-x86_64-gnu/lib/python3.13/socketserver.py", line 362, in finish_request
    self.RequestHandlerClass(request, client_address, self)
    ~~~~~~~~~~~~~~~~~~~~~~~~^^^^^^^^^^^^^^^^^^^^^^^^^^^^^^^
  File "/home/colby/.local/share/uv/python/cpython-3.13.15-linux-x86_64-gnu/lib/python3.13/socketserver.py", line 766, in __init__
    self.handle()
    ~~~~~~~~~~~^^
  File "/home/colby/.local/share/uv/python/cpython-3.13.15-linux-x86_64-gnu/lib/python3.13/http/server.py", line 451, in handle
    self.handle_one_request()
    ~~~~~~~~~~~~~~~~~~~~~~~^^
  File "/home/colby/.local/share/uv/python/cpython-3.13.15-linux-x86_64-gnu/lib/python3.13/http/server.py", line 439, in handle_one_request
    method()
    ~~~~~~^^
  File "/home/colby/MediaSynthesis/headless-dj/web.py", line 83, in do_GET
    self._send_flac(f)
    ~~~~~~~~~~~~~~~^^^
  File "/home/colby/MediaSynthesis/headless-dj/web.py", line 111, in _send_flac
    self.wfile.write(chunk)
    ~~~~~~~~~~~~~~~~^^^^^^^
  File "/home/colby/.local/share/uv/python/cpython-3.13.15-linux-x86_64-gnu/lib/python3.13/socketserver.py", line 845, in write
    self._sock.sendall(b)
    ~~~~~~~~~~~~~~~~~~^^^
BrokenPipeError: [Errno 32] Broken pipe
----------------------------------------
----------------------------------------
Exception occurred during processing of request from ('100.90.156.46', 55320)
Traceback (most recent call last):
  File "/home/colby/.local/share/uv/python/cpython-3.13.15-linux-x86_64-gnu/lib/python3.13/socketserver.py", line 697, in process_request_thread
    self.finish_request(request, client_address)
    ~~~~~~~~~~~~~~~~~~~^^^^^^^^^^^^^^^^^^^^^^^^^
  File "/home/colby/.local/share/uv/python/cpython-3.13.15-linux-x86_64-gnu/lib/python3.13/socketserver.py", line 362, in finish_request
    self.RequestHandlerClass(request, client_address, self)
    ~~~~~~~~~~~~~~~~~~~~~~~~^^^^^^^^^^^^^^^^^^^^^^^^^^^^^^^
  File "/home/colby/.local/share/uv/python/cpython-3.13.15-linux-x86_64-gnu/lib/python3.13/socketserver.py", line 766, in __init__
    self.handle()
    ~~~~~~~~~~~^^
  File "/home/colby/.local/share/uv/python/cpython-3.13.15-linux-x86_64-gnu/lib/python3.13/http/server.py", line 451, in handle
    self.handle_one_request()
    ~~~~~~~~~~~~~~~~~~~~~~~^^
  File "/home/colby/.local/share/uv/python/cpython-3.13.15-linux-x86_64-gnu/lib/python3.13/http/server.py", line 439, in handle_one_request
    method()
    ~~~~~~^^
  File "/home/colby/MediaSynthesis/headless-dj/web.py", line 83, in do_GET
    self._send_flac(f)
    ~~~~~~~~~~~~~~~^^^
  File "/home/colby/MediaSynthesis/headless-dj/web.py", line 111, in _send_flac
    self.wfile.write(chunk)
    ~~~~~~~~~~~~~~~~^^^^^^^
  File "/home/colby/.local/share/uv/python/cpython-3.13.15-linux-x86_64-gnu/lib/python3.13/socketserver.py", line 845, in write
    self._sock.sendall(b)
    ~~~~~~~~~~~~~~~~~~^^^
BrokenPipeError: [Errno 32] Broken pipe
----------------------------------------
----------------------------------------
Exception occurred during processing of request from ('100.90.156.46', 51632)
Traceback (most recent call last):
  File "/home/colby/.local/share/uv/python/cpython-3.13.15-linux-x86_64-gnu/lib/python3.13/socketserver.py", line 697, in process_request_thread
    self.finish_request(request, client_address)
    ~~~~~~~~~~~~~~~~~~~^^^^^^^^^^^^^^^^^^^^^^^^^
  File "/home/colby/.local/share/uv/python/cpython-3.13.15-linux-x86_64-gnu/lib/python3.13/socketserver.py", line 362, in finish_request
    self.RequestHandlerClass(request, client_address, self)
    ~~~~~~~~~~~~~~~~~~~~~~~~^^^^^^^^^^^^^^^^^^^^^^^^^^^^^^^
  File "/home/colby/.local/share/uv/python/cpython-3.13.15-linux-x86_64-gnu/lib/python3.13/socketserver.py", line 766, in __init__
    self.handle()
    ~~~~~~~~~~~^^
  File "/home/colby/.local/share/uv/python/cpython-3.13.15-linux-x86_64-gnu/lib/python3.13/http/server.py", line 451, in handle
    self.handle_one_request()
    ~~~~~~~~~~~~~~~~~~~~~~~^^
  File "/home/colby/.local/share/uv/python/cpython-3.13.15-linux-x86_64-gnu/lib/python3.13/http/server.py", line 439, in handle_one_request
    method()
    ~~~~~~^^
  File "/home/colby/MediaSynthesis/headless-dj/web.py", line 83, in do_GET
    self._send_flac(f)
    ~~~~~~~~~~~~~~~^^^
  File "/home/colby/MediaSynthesis/headless-dj/web.py", line 111, in _send_flac
    self.wfile.write(chunk)
    ~~~~~~~~~~~~~~~~^^^^^^^
  File "/home/colby/.local/share/uv/python/cpython-3.13.15-linux-x86_64-gnu/lib/python3.13/socketserver.py", line 845, in write
    self._sock.sendall(b)
    ~~~~~~~~~~~~~~~~~~^^^
BrokenPipeError: [Errno 32] Broken pipe
----------------------------------------
----------------------------------------
Exception occurred during processing of request from ('100.90.156.46', 52684)
Traceback (most recent call last):
  File "/home/colby/.local/share/uv/python/cpython-3.13.15-linux-x86_64-gnu/lib/python3.13/socketserver.py", line 697, in process_request_thread
    self.finish_request(request, client_address)
    ~~~~~~~~~~~~~~~~~~~^^^^^^^^^^^^^^^^^^^^^^^^^
  File "/home/colby/.local/share/uv/python/cpython-3.13.15-linux-x86_64-gnu/lib/python3.13/socketserver.py", line 362, in finish_request
    self.RequestHandlerClass(request, client_address, self)
    ~~~~~~~~~~~~~~~~~~~~~~~~^^^^^^^^^^^^^^^^^^^^^^^^^^^^^^^
  File "/home/colby/.local/share/uv/python/cpython-3.13.15-linux-x86_64-gnu/lib/python3.13/socketserver.py", line 766, in __init__
    self.handle()
    ~~~~~~~~~~~^^
  File "/home/colby/.local/share/uv/python/cpython-3.13.15-linux-x86_64-gnu/lib/python3.13/http/server.py", line 451, in handle
    self.handle_one_request()
    ~~~~~~~~~~~~~~~~~~~~~~~^^
  File "/home/colby/.local/share/uv/python/cpython-3.13.15-linux-x86_64-gnu/lib/python3.13/http/server.py", line 439, in handle_one_request
    method()
    ~~~~~~^^
  File "/home/colby/MediaSynthesis/headless-dj/web.py", line 83, in do_GET
    self._send_flac(f)
    ~~~~~~~~~~~~~~~^^^
  File "/home/colby/MediaSynthesis/headless-dj/web.py", line 111, in _send_flac
    self.wfile.write(chunk)
    ~~~~~~~~~~~~~~~~^^^^^^^
  File "/home/colby/.local/share/uv/python/cpython-3.13.15-linux-x86_64-gnu/lib/python3.13/socketserver.py", line 845, in write
    self._sock.sendall(b)
    ~~~~~~~~~~~~~~~~~~^^^
BrokenPipeError: [Errno 32] Broken pipe
----------------------------------------
----------------------------------------
Exception occurred during processing of request from ('100.90.156.46', 55831)
Traceback (most recent call last):
  File "/home/colby/.local/share/uv/python/cpython-3.13.15-linux-x86_64-gnu/lib/python3.13/socketserver.py", line 697, in process_request_thread
    self.finish_request(request, client_address)
    ~~~~~~~~~~~~~~~~~~~^^^^^^^^^^^^^^^^^^^^^^^^^
  File "/home/colby/.local/share/uv/python/cpython-3.13.15-linux-x86_64-gnu/lib/python3.13/socketserver.py", line 362, in finish_request
    self.RequestHandlerClass(request, client_address, self)
    ~~~~~~~~~~~~~~~~~~~~~~~~^^^^^^^^^^^^^^^^^^^^^^^^^^^^^^^
  File "/home/colby/.local/share/uv/python/cpython-3.13.15-linux-x86_64-gnu/lib/python3.13/socketserver.py", line 766, in __init__
    self.handle()
    ~~~~~~~~~~~^^
  File "/home/colby/.local/share/uv/python/cpython-3.13.15-linux-x86_64-gnu/lib/python3.13/http/server.py", line 451, in handle
    self.handle_one_request()
    ~~~~~~~~~~~~~~~~~~~~~~~^^
  File "/home/colby/.local/share/uv/python/cpython-3.13.15-linux-x86_64-gnu/lib/python3.13/http/server.py", line 439, in handle_one_request
    method()
    ~~~~~~^^
  File "/home/colby/MediaSynthesis/headless-dj/web.py", line 83, in do_GET
    self._send_flac(f)
    ~~~~~~~~~~~~~~~^^^
  File "/home/colby/MediaSynthesis/headless-dj/web.py", line 111, in _send_flac
    self.wfile.write(chunk)
    ~~~~~~~~~~~~~~~~^^^^^^^
  File "/home/colby/.local/share/uv/python/cpython-3.13.15-linux-x86_64-gnu/lib/python3.13/socketserver.py", line 845, in write
    self._sock.sendall(b)
    ~~~~~~~~~~~~~~~~~~^^^
BrokenPipeError: [Errno 32] Broken pipe
----------------------------------------
----------------------------------------
Exception occurred during processing of request from ('100.90.156.46', 64771)
Traceback (most recent call last):
  File "/home/colby/.local/share/uv/python/cpython-3.13.15-linux-x86_64-gnu/lib/python3.13/socketserver.py", line 697, in process_request_thread
    self.finish_request(request, client_address)
    ~~~~~~~~~~~~~~~~~~~^^^^^^^^^^^^^^^^^^^^^^^^^
  File "/home/colby/.local/share/uv/python/cpython-3.13.15-linux-x86_64-gnu/lib/python3.13/socketserver.py", line 362, in finish_request
    self.RequestHandlerClass(request, client_address, self)
    ~~~~~~~~~~~~~~~~~~~~~~~~^^^^^^^^^^^^^^^^^^^^^^^^^^^^^^^
  File "/home/colby/.local/share/uv/python/cpython-3.13.15-linux-x86_64-gnu/lib/python3.13/socketserver.py", line 766, in __init__
    self.handle()
    ~~~~~~~~~~~^^
  File "/home/colby/.local/share/uv/python/cpython-3.13.15-linux-x86_64-gnu/lib/python3.13/http/server.py", line 451, in handle
    self.handle_one_request()
    ~~~~~~~~~~~~~~~~~~~~~~~^^
  File "/home/colby/.local/share/uv/python/cpython-3.13.15-linux-x86_64-gnu/lib/python3.13/http/server.py", line 439, in handle_one_request
    method()
    ~~~~~~^^
  File "/home/colby/MediaSynthesis/headless-dj/web.py", line 83, in do_GET
    self._send_flac(f)
    ~~~~~~~~~~~~~~~^^^
  File "/home/colby/MediaSynthesis/headless-dj/web.py", line 111, in _send_flac
    self.wfile.write(chunk)
    ~~~~~~~~~~~~~~~~^^^^^^^
  File "/home/colby/.local/share/uv/python/cpython-3.13.15-linux-x86_64-gnu/lib/python3.13/socketserver.py", line 845, in write
    self._sock.sendall(b)
    ~~~~~~~~~~~~~~~~~~^^^
BrokenPipeError: [Errno 32] Broken pipe
----------------------------------------
----------------------------------------
Exception occurred during processing of request from ('100.90.156.46', 49612)
Traceback (most recent call last):
  File "/home/colby/.local/share/uv/python/cpython-3.13.15-linux-x86_64-gnu/lib/python3.13/socketserver.py", line 697, in process_request_thread
    self.finish_request(request, client_address)
    ~~~~~~~~~~~~~~~~~~~^^^^^^^^^^^^^^^^^^^^^^^^^
  File "/home/colby/.local/share/uv/python/cpython-3.13.15-linux-x86_64-gnu/lib/python3.13/socketserver.py", line 362, in finish_request
    self.RequestHandlerClass(request, client_address, self)
    ~~~~~~~~~~~~~~~~~~~~~~~~^^^^^^^^^^^^^^^^^^^^^^^^^^^^^^^
  File "/home/colby/.local/share/uv/python/cpython-3.13.15-linux-x86_64-gnu/lib/python3.13/socketserver.py", line 766, in __init__
    self.handle()
    ~~~~~~~~~~~^^
  File "/home/colby/.local/share/uv/python/cpython-3.13.15-linux-x86_64-gnu/lib/python3.13/http/server.py", line 451, in handle
    self.handle_one_request()
    ~~~~~~~~~~~~~~~~~~~~~~~^^
  File "/home/colby/.local/share/uv/python/cpython-3.13.15-linux-x86_64-gnu/lib/python3.13/http/server.py", line 439, in handle_one_request
    method()
    ~~~~~~^^
  File "/home/colby/MediaSynthesis/headless-dj/web.py", line 83, in do_GET
    self._send_flac(f)
    ~~~~~~~~~~~~~~~^^^
  File "/home/colby/MediaSynthesis/headless-dj/web.py", line 111, in _send_flac
    self.wfile.write(chunk)
    ~~~~~~~~~~~~~~~~^^^^^^^
  File "/home/colby/.local/share/uv/python/cpython-3.13.15-linux-x86_64-gnu/lib/python3.13/socketserver.py", line 845, in write
    self._sock.sendall(b)
    ~~~~~~~~~~~~~~~~~~^^^
BrokenPipeError: [Errno 32] Broken pipe
----------------------------------------
----------------------------------------
Exception occurred during processing of request from ('100.90.156.46', 64121)
Traceback (most recent call last):
  File "/home/colby/.local/share/uv/python/cpython-3.13.15-linux-x86_64-gnu/lib/python3.13/socketserver.py", line 697, in process_request_thread
    self.finish_request(request, client_address)
    ~~~~~~~~~~~~~~~~~~~^^^^^^^^^^^^^^^^^^^^^^^^^
  File "/home/colby/.local/share/uv/python/cpython-3.13.15-linux-x86_64-gnu/lib/python3.13/socketserver.py", line 362, in finish_request
    self.RequestHandlerClass(request, client_address, self)
    ~~~~~~~~~~~~~~~~~~~~~~~~^^^^^^^^^^^^^^^^^^^^^^^^^^^^^^^
  File "/home/colby/.local/share/uv/python/cpython-3.13.15-linux-x86_64-gnu/lib/python3.13/socketserver.py", line 766, in __init__
    self.handle()
    ~~~~~~~~~~~^^
  File "/home/colby/.local/share/uv/python/cpython-3.13.15-linux-x86_64-gnu/lib/python3.13/http/server.py", line 451, in handle
    self.handle_one_request()
    ~~~~~~~~~~~~~~~~~~~~~~~^^
  File "/home/colby/.local/share/uv/python/cpython-3.13.15-linux-x86_64-gnu/lib/python3.13/http/server.py", line 439, in handle_one_request
    method()
    ~~~~~~^^
  File "/home/colby/MediaSynthesis/headless-dj/web.py", line 83, in do_GET
    self._send_flac(f)
    ~~~~~~~~~~~~~~~^^^
  File "/home/colby/MediaSynthesis/headless-dj/web.py", line 111, in _send_flac
    self.wfile.write(chunk)
    ~~~~~~~~~~~~~~~~^^^^^^^
  File "/home/colby/.local/share/uv/python/cpython-3.13.15-linux-x86_64-gnu/lib/python3.13/socketserver.py", line 845, in write
    self._sock.sendall(b)
    ~~~~~~~~~~~~~~~~~~^^^
BrokenPipeError: [Errno 32] Broken pipe
----------------------------------------
----------------------------------------
Exception occurred during processing of request from ('100.90.156.46', 54851)
Traceback (most recent call last):
  File "/home/colby/.local/share/uv/python/cpython-3.13.15-linux-x86_64-gnu/lib/python3.13/socketserver.py", line 697, in process_request_thread
    self.finish_request(request, client_address)
    ~~~~~~~~~~~~~~~~~~~^^^^^^^^^^^^^^^^^^^^^^^^^
  File "/home/colby/.local/share/uv/python/cpython-3.13.15-linux-x86_64-gnu/lib/python3.13/socketserver.py", line 362, in finish_request
    self.RequestHandlerClass(request, client_address, self)
    ~~~~~~~~~~~~~~~~~~~~~~~~^^^^^^^^^^^^^^^^^^^^^^^^^^^^^^^
  File "/home/colby/.local/share/uv/python/cpython-3.13.15-linux-x86_64-gnu/lib/python3.13/socketserver.py", line 766, in __init__
    self.handle()
    ~~~~~~~~~~~^^
  File "/home/colby/.local/share/uv/python/cpython-3.13.15-linux-x86_64-gnu/lib/python3.13/http/server.py", line 451, in handle
    self.handle_one_request()
    ~~~~~~~~~~~~~~~~~~~~~~~^^
  File "/home/colby/.local/share/uv/python/cpython-3.13.15-linux-x86_64-gnu/lib/python3.13/http/server.py", line 439, in handle_one_request
    method()
    ~~~~~~^^
  File "/home/colby/MediaSynthesis/headless-dj/web.py", line 83, in do_GET
    self._send_flac(f)
    ~~~~~~~~~~~~~~~^^^
  File "/home/colby/MediaSynthesis/headless-dj/web.py", line 111, in _send_flac
    self.wfile.write(chunk)
    ~~~~~~~~~~~~~~~~^^^^^^^
  File "/home/colby/.local/share/uv/python/cpython-3.13.15-linux-x86_64-gnu/lib/python3.13/socketserver.py", line 845, in write
    self._sock.sendall(b)
    ~~~~~~~~~~~~~~~~~~^^^
BrokenPipeError: [Errno 32] Broken pipe
----------------------------------------
----------------------------------------
Exception occurred during processing of request from ('100.90.156.46', 50831)
Traceback (most recent call last):
  File "/home/colby/.local/share/uv/python/cpython-3.13.15-linux-x86_64-gnu/lib/python3.13/socketserver.py", line 697, in process_request_thread
    self.finish_request(request, client_address)
    ~~~~~~~~~~~~~~~~~~~^^^^^^^^^^^^^^^^^^^^^^^^^
  File "/home/colby/.local/share/uv/python/cpython-3.13.15-linux-x86_64-gnu/lib/python3.13/socketserver.py", line 362, in finish_request
    self.RequestHandlerClass(request, client_address, self)
    ~~~~~~~~~~~~~~~~~~~~~~~~^^^^^^^^^^^^^^^^^^^^^^^^^^^^^^^
  File "/home/colby/.local/share/uv/python/cpython-3.13.15-linux-x86_64-gnu/lib/python3.13/socketserver.py", line 766, in __init__
    self.handle()
    ~~~~~~~~~~~^^
  File "/home/colby/.local/share/uv/python/cpython-3.13.15-linux-x86_64-gnu/lib/python3.13/http/server.py", line 451, in handle
    self.handle_one_request()
    ~~~~~~~~~~~~~~~~~~~~~~~^^
  File "/home/colby/.local/share/uv/python/cpython-3.13.15-linux-x86_64-gnu/lib/python3.13/http/server.py", line 439, in handle_one_request
    method()
    ~~~~~~^^
  File "/home/colby/MediaSynthesis/headless-dj/web.py", line 83, in do_GET
    self._send_flac(f)
    ~~~~~~~~~~~~~~~^^^
  File "/home/colby/MediaSynthesis/headless-dj/web.py", line 111, in _send_flac
    self.wfile.write(chunk)
    ~~~~~~~~~~~~~~~~^^^^^^^
  File "/home/colby/.local/share/uv/python/cpython-3.13.15-linux-x86_64-gnu/lib/python3.13/socketserver.py", line 845, in write
    self._sock.sendall(b)
    ~~~~~~~~~~~~~~~~~~^^^
BrokenPipeError: [Errno 32] Broken pipe
----------------------------------------
----------------------------------------
Exception occurred during processing of request from ('100.90.156.46', 61879)
Traceback (most recent call last):
  File "/home/colby/.local/share/uv/python/cpython-3.13.15-linux-x86_64-gnu/lib/python3.13/socketserver.py", line 697, in process_request_thread
    self.finish_request(request, client_address)
    ~~~~~~~~~~~~~~~~~~~^^^^^^^^^^^^^^^^^^^^^^^^^
  File "/home/colby/.local/share/uv/python/cpython-3.13.15-linux-x86_64-gnu/lib/python3.13/socketserver.py", line 362, in finish_request
    self.RequestHandlerClass(request, client_address, self)
    ~~~~~~~~~~~~~~~~~~~~~~~~^^^^^^^^^^^^^^^^^^^^^^^^^^^^^^^
  File "/home/colby/.local/share/uv/python/cpython-3.13.15-linux-x86_64-gnu/lib/python3.13/socketserver.py", line 766, in __init__
    self.handle()
    ~~~~~~~~~~~^^
  File "/home/colby/.local/share/uv/python/cpython-3.13.15-linux-x86_64-gnu/lib/python3.13/http/server.py", line 451, in handle
    self.handle_one_request()
    ~~~~~~~~~~~~~~~~~~~~~~~^^
  File "/home/colby/.local/share/uv/python/cpython-3.13.15-linux-x86_64-gnu/lib/python3.13/http/server.py", line 439, in handle_one_request
    method()
    ~~~~~~^^
  File "/home/colby/MediaSynthesis/headless-dj/web.py", line 83, in do_GET
    self._send_flac(f)
    ~~~~~~~~~~~~~~~^^^
  File "/home/colby/MediaSynthesis/headless-dj/web.py", line 111, in _send_flac
    self.wfile.write(chunk)
    ~~~~~~~~~~~~~~~~^^^^^^^
  File "/home/colby/.local/share/uv/python/cpython-3.13.15-linux-x86_64-gnu/lib/python3.13/socketserver.py", line 845, in write
    self._sock.sendall(b)
    ~~~~~~~~~~~~~~~~~~^^^
BrokenPipeError: [Errno 32] Broken pipe
----------------------------------------
----------------------------------------
Exception occurred during processing of request from ('100.90.156.46', 50417)
Traceback (most recent call last):
  File "/home/colby/.local/share/uv/python/cpython-3.13.15-linux-x86_64-gnu/lib/python3.13/socketserver.py", line 697, in process_request_thread
    self.finish_request(request, client_address)
    ~~~~~~~~~~~~~~~~~~~^^^^^^^^^^^^^^^^^^^^^^^^^
  File "/home/colby/.local/share/uv/python/cpython-3.13.15-linux-x86_64-gnu/lib/python3.13/socketserver.py", line 362, in finish_request
    self.RequestHandlerClass(request, client_address, self)
    ~~~~~~~~~~~~~~~~~~~~~~~~^^^^^^^^^^^^^^^^^^^^^^^^^^^^^^^
  File "/home/colby/.local/share/uv/python/cpython-3.13.15-linux-x86_64-gnu/lib/python3.13/socketserver.py", line 766, in __init__
    self.handle()
    ~~~~~~~~~~~^^
  File "/home/colby/.local/share/uv/python/cpython-3.13.15-linux-x86_64-gnu/lib/python3.13/http/server.py", line 451, in handle
    self.handle_one_request()
    ~~~~~~~~~~~~~~~~~~~~~~~^^
  File "/home/colby/.local/share/uv/python/cpython-3.13.15-linux-x86_64-gnu/lib/python3.13/http/server.py", line 439, in handle_one_request
    method()
    ~~~~~~^^
  File "/home/colby/MediaSynthesis/headless-dj/web.py", line 83, in do_GET
    self._send_flac(f)
    ~~~~~~~~~~~~~~~^^^
  File "/home/colby/MediaSynthesis/headless-dj/web.py", line 111, in _send_flac
    self.wfile.write(chunk)
    ~~~~~~~~~~~~~~~~^^^^^^^
  File "/home/colby/.local/share/uv/python/cpython-3.13.15-linux-x86_64-gnu/lib/python3.13/socketserver.py", line 845, in write
    self._sock.sendall(b)
    ~~~~~~~~~~~~~~~~~~^^^
BrokenPipeError: [Errno 32] Broken pipe
----------------------------------------
----------------------------------------
Exception occurred during processing of request from ('100.90.156.46', 64745)
Traceback (most recent call last):
  File "/home/colby/.local/share/uv/python/cpython-3.13.15-linux-x86_64-gnu/lib/python3.13/socketserver.py", line 697, in process_request_thread
    self.finish_request(request, client_address)
    ~~~~~~~~~~~~~~~~~~~^^^^^^^^^^^^^^^^^^^^^^^^^
  File "/home/colby/.local/share/uv/python/cpython-3.13.15-linux-x86_64-gnu/lib/python3.13/socketserver.py", line 362, in finish_request
    self.RequestHandlerClass(request, client_address, self)
    ~~~~~~~~~~~~~~~~~~~~~~~~^^^^^^^^^^^^^^^^^^^^^^^^^^^^^^^
  File "/home/colby/.local/share/uv/python/cpython-3.13.15-linux-x86_64-gnu/lib/python3.13/socketserver.py", line 766, in __init__
    self.handle()
    ~~~~~~~~~~~^^
  File "/home/colby/.local/share/uv/python/cpython-3.13.15-linux-x86_64-gnu/lib/python3.13/http/server.py", line 451, in handle
    self.handle_one_request()
    ~~~~~~~~~~~~~~~~~~~~~~~^^
  File "/home/colby/.local/share/uv/python/cpython-3.13.15-linux-x86_64-gnu/lib/python3.13/http/server.py", line 439, in handle_one_request
    method()
    ~~~~~~^^
  File "/home/colby/MediaSynthesis/headless-dj/web.py", line 83, in do_GET
    self._send_flac(f)
    ~~~~~~~~~~~~~~~^^^
  File "/home/colby/MediaSynthesis/headless-dj/web.py", line 111, in _send_flac
    self.wfile.write(chunk)
    ~~~~~~~~~~~~~~~~^^^^^^^
  File "/home/colby/.local/share/uv/python/cpython-3.13.15-linux-x86_64-gnu/lib/python3.13/socketserver.py", line 845, in write
    self._sock.sendall(b)
    ~~~~~~~~~~~~~~~~~~^^^
BrokenPipeError: [Errno 32] Broken pipe
----------------------------------------
----------------------------------------
Exception occurred during processing of request from ('100.90.156.46', 50403)
Traceback (most recent call last):
  File "/home/colby/.local/share/uv/python/cpython-3.13.15-linux-x86_64-gnu/lib/python3.13/socketserver.py", line 697, in process_request_thread
    self.finish_request(request, client_address)
    ~~~~~~~~~~~~~~~~~~~^^^^^^^^^^^^^^^^^^^^^^^^^
  File "/home/colby/.local/share/uv/python/cpython-3.13.15-linux-x86_64-gnu/lib/python3.13/socketserver.py", line 362, in finish_request
    self.RequestHandlerClass(request, client_address, self)
    ~~~~~~~~~~~~~~~~~~~~~~~~^^^^^^^^^^^^^^^^^^^^^^^^^^^^^^^
  File "/home/colby/.local/share/uv/python/cpython-3.13.15-linux-x86_64-gnu/lib/python3.13/socketserver.py", line 766, in __init__
    self.handle()
    ~~~~~~~~~~~^^
  File "/home/colby/.local/share/uv/python/cpython-3.13.15-linux-x86_64-gnu/lib/python3.13/http/server.py", line 451, in handle
    self.handle_one_request()
    ~~~~~~~~~~~~~~~~~~~~~~~^^
  File "/home/colby/.local/share/uv/python/cpython-3.13.15-linux-x86_64-gnu/lib/python3.13/http/server.py", line 439, in handle_one_request
    method()
    ~~~~~~^^
  File "/home/colby/MediaSynthesis/headless-dj/web.py", line 83, in do_GET
    self._send_flac(f)
    ~~~~~~~~~~~~~~~^^^
  File "/home/colby/MediaSynthesis/headless-dj/web.py", line 111, in _send_flac
    self.wfile.write(chunk)
    ~~~~~~~~~~~~~~~~^^^^^^^
  File "/home/colby/.local/share/uv/python/cpython-3.13.15-linux-x86_64-gnu/lib/python3.13/socketserver.py", line 845, in write
    self._sock.sendall(b)
    ~~~~~~~~~~~~~~~~~~^^^
BrokenPipeError: [Errno 32] Broken pipe
----------------------------------------
----------------------------------------
Exception occurred during processing of request from ('100.90.156.46', 60200)
Traceback (most recent call last):
  File "/home/colby/.local/share/uv/python/cpython-3.13.15-linux-x86_64-gnu/lib/python3.13/socketserver.py", line 697, in process_request_thread
    self.finish_request(request, client_address)
    ~~~~~~~~~~~~~~~~~~~^^^^^^^^^^^^^^^^^^^^^^^^^
  File "/home/colby/.local/share/uv/python/cpython-3.13.15-linux-x86_64-gnu/lib/python3.13/socketserver.py", line 362, in finish_request
    self.RequestHandlerClass(request, client_address, self)
    ~~~~~~~~~~~~~~~~~~~~~~~~^^^^^^^^^^^^^^^^^^^^^^^^^^^^^^^
  File "/home/colby/.local/share/uv/python/cpython-3.13.15-linux-x86_64-gnu/lib/python3.13/socketserver.py", line 766, in __init__
    self.handle()
    ~~~~~~~~~~~^^
  File "/home/colby/.local/share/uv/python/cpython-3.13.15-linux-x86_64-gnu/lib/python3.13/http/server.py", line 451, in handle
    self.handle_one_request()
    ~~~~~~~~~~~~~~~~~~~~~~~^^
  File "/home/colby/.local/share/uv/python/cpython-3.13.15-linux-x86_64-gnu/lib/python3.13/http/server.py", line 439, in handle_one_request
    method()
    ~~~~~~^^
  File "/home/colby/MediaSynthesis/headless-dj/web.py", line 83, in do_GET
    self._send_flac(f)
    ~~~~~~~~~~~~~~~^^^
  File "/home/colby/MediaSynthesis/headless-dj/web.py", line 111, in _send_flac
    self.wfile.write(chunk)
    ~~~~~~~~~~~~~~~~^^^^^^^
  File "/home/colby/.local/share/uv/python/cpython-3.13.15-linux-x86_64-gnu/lib/python3.13/socketserver.py", line 845, in write
    self._sock.sendall(b)
    ~~~~~~~~~~~~~~~~~~^^^
BrokenPipeError: [Errno 32] Broken pipe
----------------------------------------
----------------------------------------
Exception occurred during processing of request from ('100.90.156.46', 52267)
Traceback (most recent call last):
  File "/home/colby/.local/share/uv/python/cpython-3.13.15-linux-x86_64-gnu/lib/python3.13/socketserver.py", line 697, in process_request_thread
    self.finish_request(request, client_address)
    ~~~~~~~~~~~~~~~~~~~^^^^^^^^^^^^^^^^^^^^^^^^^
  File "/home/colby/.local/share/uv/python/cpython-3.13.15-linux-x86_64-gnu/lib/python3.13/socketserver.py", line 362, in finish_request
    self.RequestHandlerClass(request, client_address, self)
    ~~~~~~~~~~~~~~~~~~~~~~~~^^^^^^^^^^^^^^^^^^^^^^^^^^^^^^^
  File "/home/colby/.local/share/uv/python/cpython-3.13.15-linux-x86_64-gnu/lib/python3.13/socketserver.py", line 766, in __init__
    self.handle()
    ~~~~~~~~~~~^^
  File "/home/colby/.local/share/uv/python/cpython-3.13.15-linux-x86_64-gnu/lib/python3.13/http/server.py", line 451, in handle
    self.handle_one_request()
    ~~~~~~~~~~~~~~~~~~~~~~~^^
  File "/home/colby/.local/share/uv/python/cpython-3.13.15-linux-x86_64-gnu/lib/python3.13/http/server.py", line 439, in handle_one_request
    method()
    ~~~~~~^^
  File "/home/colby/MediaSynthesis/headless-dj/web.py", line 83, in do_GET
    self._send_flac(f)
    ~~~~~~~~~~~~~~~^^^
  File "/home/colby/MediaSynthesis/headless-dj/web.py", line 111, in _send_flac
    self.wfile.write(chunk)
    ~~~~~~~~~~~~~~~~^^^^^^^
  File "/home/colby/.local/share/uv/python/cpython-3.13.15-linux-x86_64-gnu/lib/python3.13/socketserver.py", line 845, in write
    self._sock.sendall(b)
    ~~~~~~~~~~~~~~~~~~^^^
BrokenPipeError: [Errno 32] Broken pipe
----------------------------------------
----------------------------------------
Exception occurred during processing of request from ('100.90.156.46', 63423)
Traceback (most recent call last):
  File "/home/colby/.local/share/uv/python/cpython-3.13.15-linux-x86_64-gnu/lib/python3.13/socketserver.py", line 697, in process_request_thread
    self.finish_request(request, client_address)
    ~~~~~~~~~~~~~~~~~~~^^^^^^^^^^^^^^^^^^^^^^^^^
  File "/home/colby/.local/share/uv/python/cpython-3.13.15-linux-x86_64-gnu/lib/python3.13/socketserver.py", line 362, in finish_request
    self.RequestHandlerClass(request, client_address, self)
    ~~~~~~~~~~~~~~~~~~~~~~~~^^^^^^^^^^^^^^^^^^^^^^^^^^^^^^^
  File "/home/colby/.local/share/uv/python/cpython-3.13.15-linux-x86_64-gnu/lib/python3.13/socketserver.py", line 766, in __init__
    self.handle()
    ~~~~~~~~~~~^^
  File "/home/colby/.local/share/uv/python/cpython-3.13.15-linux-x86_64-gnu/lib/python3.13/http/server.py", line 451, in handle
    self.handle_one_request()
    ~~~~~~~~~~~~~~~~~~~~~~~^^
  File "/home/colby/.local/share/uv/python/cpython-3.13.15-linux-x86_64-gnu/lib/python3.13/http/server.py", line 439, in handle_one_request
    method()
    ~~~~~~^^
  File "/home/colby/MediaSynthesis/headless-dj/web.py", line 83, in do_GET
    self._send_flac(f)
    ~~~~~~~~~~~~~~~^^^
  File "/home/colby/MediaSynthesis/headless-dj/web.py", line 111, in _send_flac
    self.wfile.write(chunk)
    ~~~~~~~~~~~~~~~~^^^^^^^
  File "/home/colby/.local/share/uv/python/cpython-3.13.15-linux-x86_64-gnu/lib/python3.13/socketserver.py", line 845, in write
    self._sock.sendall(b)
    ~~~~~~~~~~~~~~~~~~^^^
BrokenPipeError: [Errno 32] Broken pipe
----------------------------------------
----------------------------------------
Exception occurred during processing of request from ('100.90.156.46', 53458)
Traceback (most recent call last):
  File "/home/colby/.local/share/uv/python/cpython-3.13.15-linux-x86_64-gnu/lib/python3.13/socketserver.py", line 697, in process_request_thread
    self.finish_request(request, client_address)
    ~~~~~~~~~~~~~~~~~~~^^^^^^^^^^^^^^^^^^^^^^^^^
  File "/home/colby/.local/share/uv/python/cpython-3.13.15-linux-x86_64-gnu/lib/python3.13/socketserver.py", line 362, in finish_request
    self.RequestHandlerClass(request, client_address, self)
    ~~~~~~~~~~~~~~~~~~~~~~~~^^^^^^^^^^^^^^^^^^^^^^^^^^^^^^^
  File "/home/colby/.local/share/uv/python/cpython-3.13.15-linux-x86_64-gnu/lib/python3.13/socketserver.py", line 766, in __init__
    self.handle()
    ~~~~~~~~~~~^^
  File "/home/colby/.local/share/uv/python/cpython-3.13.15-linux-x86_64-gnu/lib/python3.13/http/server.py", line 451, in handle
    self.handle_one_request()
    ~~~~~~~~~~~~~~~~~~~~~~~^^
  File "/home/colby/.local/share/uv/python/cpython-3.13.15-linux-x86_64-gnu/lib/python3.13/http/server.py", line 439, in handle_one_request
    method()
    ~~~~~~^^
  File "/home/colby/MediaSynthesis/headless-dj/web.py", line 83, in do_GET
    self._send_flac(f)
    ~~~~~~~~~~~~~~~^^^
  File "/home/colby/MediaSynthesis/headless-dj/web.py", line 111, in _send_flac
    self.wfile.write(chunk)
    ~~~~~~~~~~~~~~~~^^^^^^^
  File "/home/colby/.local/share/uv/python/cpython-3.13.15-linux-x86_64-gnu/lib/python3.13/socketserver.py", line 845, in write
    self._sock.sendall(b)
    ~~~~~~~~~~~~~~~~~~^^^
BrokenPipeError: [Errno 32] Broken pipe
----------------------------------------
----------------------------------------
Exception occurred during processing of request from ('100.90.156.46', 58486)
Traceback (most recent call last):
  File "/home/colby/.local/share/uv/python/cpython-3.13.15-linux-x86_64-gnu/lib/python3.13/socketserver.py", line 697, in process_request_thread
    self.finish_request(request, client_address)
    ~~~~~~~~~~~~~~~~~~~^^^^^^^^^^^^^^^^^^^^^^^^^
  File "/home/colby/.local/share/uv/python/cpython-3.13.15-linux-x86_64-gnu/lib/python3.13/socketserver.py", line 362, in finish_request
    self.RequestHandlerClass(request, client_address, self)
    ~~~~~~~~~~~~~~~~~~~~~~~~^^^^^^^^^^^^^^^^^^^^^^^^^^^^^^^
  File "/home/colby/.local/share/uv/python/cpython-3.13.15-linux-x86_64-gnu/lib/python3.13/socketserver.py", line 766, in __init__
    self.handle()
    ~~~~~~~~~~~^^
  File "/home/colby/.local/share/uv/python/cpython-3.13.15-linux-x86_64-gnu/lib/python3.13/http/server.py", line 451, in handle
    self.handle_one_request()
    ~~~~~~~~~~~~~~~~~~~~~~~^^
  File "/home/colby/.local/share/uv/python/cpython-3.13.15-linux-x86_64-gnu/lib/python3.13/http/server.py", line 439, in handle_one_request
    method()
    ~~~~~~^^
  File "/home/colby/MediaSynthesis/headless-dj/web.py", line 83, in do_GET
    self._send_flac(f)
    ~~~~~~~~~~~~~~~^^^
  File "/home/colby/MediaSynthesis/headless-dj/web.py", line 111, in _send_flac
    self.wfile.write(chunk)
    ~~~~~~~~~~~~~~~~^^^^^^^
  File "/home/colby/.local/share/uv/python/cpython-3.13.15-linux-x86_64-gnu/lib/python3.13/socketserver.py", line 845, in write
    self._sock.sendall(b)
    ~~~~~~~~~~~~~~~~~~^^^
BrokenPipeError: [Errno 32] Broken pipe
----------------------------------------
----------------------------------------
Exception occurred during processing of request from ('100.90.156.46', 62836)
Traceback (most recent call last):
  File "/home/colby/.local/share/uv/python/cpython-3.13.15-linux-x86_64-gnu/lib/python3.13/socketserver.py", line 697, in process_request_thread
    self.finish_request(request, client_address)
    ~~~~~~~~~~~~~~~~~~~^^^^^^^^^^^^^^^^^^^^^^^^^
  File "/home/colby/.local/share/uv/python/cpython-3.13.15-linux-x86_64-gnu/lib/python3.13/socketserver.py", line 362, in finish_request
    self.RequestHandlerClass(request, client_address, self)
    ~~~~~~~~~~~~~~~~~~~~~~~~^^^^^^^^^^^^^^^^^^^^^^^^^^^^^^^
  File "/home/colby/.local/share/uv/python/cpython-3.13.15-linux-x86_64-gnu/lib/python3.13/socketserver.py", line 766, in __init__
    self.handle()
    ~~~~~~~~~~~^^
  File "/home/colby/.local/share/uv/python/cpython-3.13.15-linux-x86_64-gnu/lib/python3.13/http/server.py", line 451, in handle
    self.handle_one_request()
    ~~~~~~~~~~~~~~~~~~~~~~~^^
  File "/home/colby/.local/share/uv/python/cpython-3.13.15-linux-x86_64-gnu/lib/python3.13/http/server.py", line 439, in handle_one_request
    method()
    ~~~~~~^^
  File "/home/colby/MediaSynthesis/headless-dj/web.py", line 83, in do_GET
    self._send_flac(f)
    ~~~~~~~~~~~~~~~^^^
  File "/home/colby/MediaSynthesis/headless-dj/web.py", line 111, in _send_flac
    self.wfile.write(chunk)
    ~~~~~~~~~~~~~~~~^^^^^^^
  File "/home/colby/.local/share/uv/python/cpython-3.13.15-linux-x86_64-gnu/lib/python3.13/socketserver.py", line 845, in write
    self._sock.sendall(b)
    ~~~~~~~~~~~~~~~~~~^^^
BrokenPipeError: [Errno 32] Broken pipe
----------------------------------------
----------------------------------------
Exception occurred during processing of request from ('100.90.156.46', 58975)
Traceback (most recent call last):
  File "/home/colby/.local/share/uv/python/cpython-3.13.15-linux-x86_64-gnu/lib/python3.13/socketserver.py", line 697, in process_request_thread
    self.finish_request(request, client_address)
    ~~~~~~~~~~~~~~~~~~~^^^^^^^^^^^^^^^^^^^^^^^^^
  File "/home/colby/.local/share/uv/python/cpython-3.13.15-linux-x86_64-gnu/lib/python3.13/socketserver.py", line 362, in finish_request
    self.RequestHandlerClass(request, client_address, self)
    ~~~~~~~~~~~~~~~~~~~~~~~~^^^^^^^^^^^^^^^^^^^^^^^^^^^^^^^
  File "/home/colby/.local/share/uv/python/cpython-3.13.15-linux-x86_64-gnu/lib/python3.13/socketserver.py", line 766, in __init__
    self.handle()
    ~~~~~~~~~~~^^
  File "/home/colby/.local/share/uv/python/cpython-3.13.15-linux-x86_64-gnu/lib/python3.13/http/server.py", line 451, in handle
    self.handle_one_request()
    ~~~~~~~~~~~~~~~~~~~~~~~^^
  File "/home/colby/.local/share/uv/python/cpython-3.13.15-linux-x86_64-gnu/lib/python3.13/http/server.py", line 439, in handle_one_request
    method()
    ~~~~~~^^
  File "/home/colby/MediaSynthesis/headless-dj/web.py", line 83, in do_GET
    self._send_flac(f)
    ~~~~~~~~~~~~~~~^^^
  File "/home/colby/MediaSynthesis/headless-dj/web.py", line 111, in _send_flac
    self.wfile.write(chunk)
    ~~~~~~~~~~~~~~~~^^^^^^^
  File "/home/colby/.local/share/uv/python/cpython-3.13.15-linux-x86_64-gnu/lib/python3.13/socketserver.py", line 845, in write
    self._sock.sendall(b)
    ~~~~~~~~~~~~~~~~~~^^^
BrokenPipeError: [Errno 32] Broken pipe
----------------------------------------
----------------------------------------
Exception occurred during processing of request from ('100.90.156.46', 58984)
Traceback (most recent call last):
  File "/home/colby/.local/share/uv/python/cpython-3.13.15-linux-x86_64-gnu/lib/python3.13/socketserver.py", line 697, in process_request_thread
    self.finish_request(request, client_address)
    ~~~~~~~~~~~~~~~~~~~^^^^^^^^^^^^^^^^^^^^^^^^^
  File "/home/colby/.local/share/uv/python/cpython-3.13.15-linux-x86_64-gnu/lib/python3.13/socketserver.py", line 362, in finish_request
    self.RequestHandlerClass(request, client_address, self)
    ~~~~~~~~~~~~~~~~~~~~~~~~^^^^^^^^^^^^^^^^^^^^^^^^^^^^^^^
  File "/home/colby/.local/share/uv/python/cpython-3.13.15-linux-x86_64-gnu/lib/python3.13/socketserver.py", line 766, in __init__
    self.handle()
    ~~~~~~~~~~~^^
  File "/home/colby/.local/share/uv/python/cpython-3.13.15-linux-x86_64-gnu/lib/python3.13/http/server.py", line 451, in handle
    self.handle_one_request()
    ~~~~~~~~~~~~~~~~~~~~~~~^^
  File "/home/colby/.local/share/uv/python/cpython-3.13.15-linux-x86_64-gnu/lib/python3.13/http/server.py", line 439, in handle_one_request
    method()
    ~~~~~~^^
  File "/home/colby/MediaSynthesis/headless-dj/web.py", line 83, in do_GET
    self._send_flac(f)
    ~~~~~~~~~~~~~~~^^^
  File "/home/colby/MediaSynthesis/headless-dj/web.py", line 111, in _send_flac
    self.wfile.write(chunk)
    ~~~~~~~~~~~~~~~~^^^^^^^
  File "/home/colby/.local/share/uv/python/cpython-3.13.15-linux-x86_64-gnu/lib/python3.13/socketserver.py", line 845, in write
    self._sock.sendall(b)
    ~~~~~~~~~~~~~~~~~~^^^
BrokenPipeError: [Errno 32] Broken pipe
----------------------------------------
----------------------------------------
Exception occurred during processing of request from ('100.90.156.46', 58985)
Traceback (most recent call last):
  File "/home/colby/.local/share/uv/python/cpython-3.13.15-linux-x86_64-gnu/lib/python3.13/socketserver.py", line 697, in process_request_thread
    self.finish_request(request, client_address)
    ~~~~~~~~~~~~~~~~~~~^^^^^^^^^^^^^^^^^^^^^^^^^
  File "/home/colby/.local/share/uv/python/cpython-3.13.15-linux-x86_64-gnu/lib/python3.13/socketserver.py", line 362, in finish_request
    self.RequestHandlerClass(request, client_address, self)
    ~~~~~~~~~~~~~~~~~~~~~~~~^^^^^^^^^^^^^^^^^^^^^^^^^^^^^^^
  File "/home/colby/.local/share/uv/python/cpython-3.13.15-linux-x86_64-gnu/lib/python3.13/socketserver.py", line 766, in __init__
    self.handle()
    ~~~~~~~~~~~^^
  File "/home/colby/.local/share/uv/python/cpython-3.13.15-linux-x86_64-gnu/lib/python3.13/http/server.py", line 451, in handle
    self.handle_one_request()
    ~~~~~~~~~~~~~~~~~~~~~~~^^
  File "/home/colby/.local/share/uv/python/cpython-3.13.15-linux-x86_64-gnu/lib/python3.13/http/server.py", line 439, in handle_one_request
    method()
    ~~~~~~^^
  File "/home/colby/MediaSynthesis/headless-dj/web.py", line 83, in do_GET
    self._send_flac(f)
    ~~~~~~~~~~~~~~~^^^
  File "/home/colby/MediaSynthesis/headless-dj/web.py", line 111, in _send_flac
    self.wfile.write(chunk)
    ~~~~~~~~~~~~~~~~^^^^^^^
  File "/home/colby/.local/share/uv/python/cpython-3.13.15-linux-x86_64-gnu/lib/python3.13/socketserver.py", line 845, in write
    self._sock.sendall(b)
    ~~~~~~~~~~~~~~~~~~^^^
BrokenPipeError: [Errno 32] Broken pipe
----------------------------------------
----------------------------------------
Exception occurred during processing of request from ('100.90.156.46', 52033)
Traceback (most recent call last):
  File "/home/colby/.local/share/uv/python/cpython-3.13.15-linux-x86_64-gnu/lib/python3.13/socketserver.py", line 697, in process_request_thread
    self.finish_request(request, client_address)
    ~~~~~~~~~~~~~~~~~~~^^^^^^^^^^^^^^^^^^^^^^^^^
  File "/home/colby/.local/share/uv/python/cpython-3.13.15-linux-x86_64-gnu/lib/python3.13/socketserver.py", line 362, in finish_request
    self.RequestHandlerClass(request, client_address, self)
    ~~~~~~~~~~~~~~~~~~~~~~~~^^^^^^^^^^^^^^^^^^^^^^^^^^^^^^^
  File "/home/colby/.local/share/uv/python/cpython-3.13.15-linux-x86_64-gnu/lib/python3.13/socketserver.py", line 766, in __init__
    self.handle()
    ~~~~~~~~~~~^^
  File "/home/colby/.local/share/uv/python/cpython-3.13.15-linux-x86_64-gnu/lib/python3.13/http/server.py", line 451, in handle
    self.handle_one_request()
    ~~~~~~~~~~~~~~~~~~~~~~~^^
  File "/home/colby/.local/share/uv/python/cpython-3.13.15-linux-x86_64-gnu/lib/python3.13/http/server.py", line 439, in handle_one_request
    method()
    ~~~~~~^^
  File "/home/colby/MediaSynthesis/headless-dj/web.py", line 83, in do_GET
    self._send_flac(f)
    ~~~~~~~~~~~~~~~^^^
  File "/home/colby/MediaSynthesis/headless-dj/web.py", line 111, in _send_flac
    self.wfile.write(chunk)
    ~~~~~~~~~~~~~~~~^^^^^^^
  File "/home/colby/.local/share/uv/python/cpython-3.13.15-linux-x86_64-gnu/lib/python3.13/socketserver.py", line 845, in write
    self._sock.sendall(b)
    ~~~~~~~~~~~~~~~~~~^^^
BrokenPipeError: [Errno 32] Broken pipe
----------------------------------------
----------------------------------------
Exception occurred during processing of request from ('100.90.156.46', 50377)
Traceback (most recent call last):
  File "/home/colby/.local/share/uv/python/cpython-3.13.15-linux-x86_64-gnu/lib/python3.13/socketserver.py", line 697, in process_request_thread
    self.finish_request(request, client_address)
    ~~~~~~~~~~~~~~~~~~~^^^^^^^^^^^^^^^^^^^^^^^^^
  File "/home/colby/.local/share/uv/python/cpython-3.13.15-linux-x86_64-gnu/lib/python3.13/socketserver.py", line 362, in finish_request
    self.RequestHandlerClass(request, client_address, self)
    ~~~~~~~~~~~~~~~~~~~~~~~~^^^^^^^^^^^^^^^^^^^^^^^^^^^^^^^
  File "/home/colby/.local/share/uv/python/cpython-3.13.15-linux-x86_64-gnu/lib/python3.13/socketserver.py", line 766, in __init__
    self.handle()
    ~~~~~~~~~~~^^
  File "/home/colby/.local/share/uv/python/cpython-3.13.15-linux-x86_64-gnu/lib/python3.13/http/server.py", line 451, in handle
    self.handle_one_request()
    ~~~~~~~~~~~~~~~~~~~~~~~^^
  File "/home/colby/.local/share/uv/python/cpython-3.13.15-linux-x86_64-gnu/lib/python3.13/http/server.py", line 439, in handle_one_request
    method()
    ~~~~~~^^
  File "/home/colby/MediaSynthesis/headless-dj/web.py", line 83, in do_GET
    self._send_flac(f)
    ~~~~~~~~~~~~~~~^^^
  File "/home/colby/MediaSynthesis/headless-dj/web.py", line 111, in _send_flac
    self.wfile.write(chunk)
    ~~~~~~~~~~~~~~~~^^^^^^^
  File "/home/colby/.local/share/uv/python/cpython-3.13.15-linux-x86_64-gnu/lib/python3.13/socketserver.py", line 845, in write
    self._sock.sendall(b)
    ~~~~~~~~~~~~~~~~~~^^^
BrokenPipeError: [Errno 32] Broken pipe
----------------------------------------
----------------------------------------
Exception occurred during processing of request from ('100.90.156.46', 50999)
Traceback (most recent call last):
  File "/home/colby/.local/share/uv/python/cpython-3.13.15-linux-x86_64-gnu/lib/python3.13/socketserver.py", line 697, in process_request_thread
    self.finish_request(request, client_address)
    ~~~~~~~~~~~~~~~~~~~^^^^^^^^^^^^^^^^^^^^^^^^^
  File "/home/colby/.local/share/uv/python/cpython-3.13.15-linux-x86_64-gnu/lib/python3.13/socketserver.py", line 362, in finish_request
    self.RequestHandlerClass(request, client_address, self)
    ~~~~~~~~~~~~~~~~~~~~~~~~^^^^^^^^^^^^^^^^^^^^^^^^^^^^^^^
  File "/home/colby/.local/share/uv/python/cpython-3.13.15-linux-x86_64-gnu/lib/python3.13/socketserver.py", line 766, in __init__
    self.handle()
    ~~~~~~~~~~~^^
  File "/home/colby/.local/share/uv/python/cpython-3.13.15-linux-x86_64-gnu/lib/python3.13/http/server.py", line 451, in handle
    self.handle_one_request()
    ~~~~~~~~~~~~~~~~~~~~~~~^^
  File "/home/colby/.local/share/uv/python/cpython-3.13.15-linux-x86_64-gnu/lib/python3.13/http/server.py", line 439, in handle_one_request
    method()
    ~~~~~~^^
  File "/home/colby/MediaSynthesis/headless-dj/web.py", line 83, in do_GET
    self._send_flac(f)
    ~~~~~~~~~~~~~~~^^^
  File "/home/colby/MediaSynthesis/headless-dj/web.py", line 111, in _send_flac
    self.wfile.write(chunk)
    ~~~~~~~~~~~~~~~~^^^^^^^
  File "/home/colby/.local/share/uv/python/cpython-3.13.15-linux-x86_64-gnu/lib/python3.13/socketserver.py", line 845, in write
    self._sock.sendall(b)
    ~~~~~~~~~~~~~~~~~~^^^
BrokenPipeError: [Errno 32] Broken pipe
----------------------------------------
headless-dj votes: http://localhost:8085
127.0.0.1 "GET / HTTP/1.1" 200 -
100.90.156.46 "GET / HTTP/1.1" 200 -
100.90.156.46 "GET /favicon.ico HTTP/1.1" 404 -
100.90.156.46 "GET /mix/mix_2026-09-15_60min.flac HTTP/1.1" 206 -
100.90.156.46 "GET /mix/mix_2026-09-15_60min.flac HTTP/1.1" 206 -
100.90.156.46 "GET /favicon.ico HTTP/1.1" 404 -
100.90.156.46 "GET /mix/mix_2026-09-15_60min.flac HTTP/1.1" 206 -
100.90.156.46 "GET /mix/mix_2026-09-15_60min.flac HTTP/1.1" 206 -
100.90.156.46 "GET /mix/mix_2026-09-15_60min.flac HTTP/1.1" 206 -
100.90.156.46 "GET /mix/mix_2026-09-15_60min.flac HTTP/1.1" 206 -
100.90.156.46 "GET /mix/mix_2026-09-15_60min.flac HTTP/1.1" 206 -
100.90.156.46 "GET /mix/mix_2026-09-15_60min.flac HTTP/1.1" 206 -
100.90.156.46 "GET /mix/mix_2026-09-15_60min.flac HTTP/1.1" 206 -
100.90.156.46 "GET /mix/mix_2026-09-15_60min.flac HTTP/1.1" 206 -
100.90.156.46 "GET /mix/mix_2026-09-15_60min.flac HTTP/1.1" 206 -
100.90.156.46 "GET /mix/mix_2026-09-15_60min.flac HTTP/1.1" 206 -
100.90.156.46 "GET /mix/mix_2026-09-15_60min.flac HTTP/1.1" 206 -
100.90.156.46 "GET /mix/mix_2026-09-15_60min.flac HTTP/1.1" 206 -
100.90.156.46 "GET /mix/mix_2026-09-15_60min.flac HTTP/1.1" 206 -
100.90.156.46 "GET /mix/mix_2026-09-15_60min.flac HTTP/1.1" 206 -
100.90.156.46 "GET /mix/mix_2026-09-15_60min.flac HTTP/1.1" 206 -
100.90.156.46 "GET /mix/mix_2026-09-15_60min.flac HTTP/1.1" 206 -
100.90.156.46 "GET /mix/mix_2026-09-15_60min.flac HTTP/1.1" 206 -
100.90.156.46 "GET /mix/mix_2026-09-15_60min.flac HTTP/1.1" 206 -
100.90.156.46 "GET /mix/mix_2026-09-15_60min.flac HTTP/1.1" 206 -
100.90.156.46 "GET /mix/mix_2026-09-15_60min.flac HTTP/1.1" 206 -
100.90.156.46 "GET /mix/mix_2026-09-15_60min.flac HTTP/1.1" 206 -
100.90.156.46 "GET /mix/mix_2026-09-15_60min.flac HTTP/1.1" 206 -
100.90.156.46 "GET /mix/mix_2026-09-15_60min.flac HTTP/1.1" 206 -
100.90.156.46 "GET /mix/mix_2026-09-15_60min.flac HTTP/1.1" 206 -
100.90.156.46 "GET /mix/mix_2026-09-15_60min.flac HTTP/1.1" 206 -
100.90.156.46 "GET /mix/mix_2026-09-15_60min.flac HTTP/1.1" 206 -
100.90.156.46 "GET /mix/mix_2026-09-15_60min.flac HTTP/1.1" 206 -
100.90.156.46 "GET /mix/mix_2026-09-15_60min.flac HTTP/1.1" 206 -
100.90.156.46 "GET /mix/mix_2026-09-15_60min.flac HTTP/1.1" 206 -
100.90.156.46 "GET /mix/mix_2026-09-15_60min.flac HTTP/1.1" 206 -
100.90.156.46 "GET /mix/mix_2026-09-15_60min.flac HTTP/1.1" 206 -
100.90.156.46 "GET /mix/mix_2026-09-15_60min.flac HTTP/1.1" 206 -
100.90.156.46 "GET /mix/mix_2026-09-15_60min.flac HTTP/1.1" 206 -
100.90.156.46 "GET /mix/mix_2026-09-15_60min.flac HTTP/1.1" 206 -
100.90.156.46 "GET /mix/mix_2026-09-15_60min.flac HTTP/1.1" 206 -
100.90.156.46 "GET /mix/mix_2026-09-15_60min.flac HTTP/1.1" 206 -
100.90.156.46 "GET /mix/mix_2026-09-15_60min.flac HTTP/1.1" 206 -
100.90.156.46 "GET /mix/mix_2026-09-15_60min.flac HTTP/1.1" 206 -
100.90.156.46 "GET /mix/mix_2026-09-15_60min.flac HTTP/1.1" 206 -
100.90.156.46 "GET /mix/mix_2026-09-15_60min.flac HTTP/1.1" 206 -
100.90.156.46 "GET /mix/mix_2026-09-15_60min.flac HTTP/1.1" 206 -
100.90.156.46 "GET /mix/mix_2026-09-15_60min.flac HTTP/1.1" 206 -
100.90.156.46 "GET /mix/mix_2026-09-15_60min.flac HTTP/1.1" 206 -
100.90.156.46 "GET /mix/mix_2026-09-15_60min.flac HTTP/1.1" 206 -
100.90.156.46 "GET /mix/mix_2026-09-15_60min.flac HTTP/1.1" 206 -
100.90.156.46 "GET /mix/mix_2026-09-15_60min.flac HTTP/1.1" 206 -
100.90.156.46 "GET /mix/mix_2026-09-15_60min.flac HTTP/1.1" 206 -
100.90.156.46 "GET /mix/mix_2026-09-15_60min.flac HTTP/1.1" 206 -
100.90.156.46 "GET /mix/mix_2026-09-15_60min.flac HTTP/1.1" 206 -
100.90.156.46 "GET /mix/mix_2026-09-15_60min.flac HTTP/1.1" 206 -
100.90.156.46 "GET /mix/mix_2026-09-15_60min.flac HTTP/1.1" 206 -
100.90.156.46 "GET /mix/mix_2026-09-15_60min.flac HTTP/1.1" 206 -
100.90.156.46 "GET /mix/mix_2026-09-15_60min.flac HTTP/1.1" 206 -
100.90.156.46 "GET /mix/mix_2026-09-15_60min.flac HTTP/1.1" 206 -
100.90.156.46 "GET /mix/mix_2026-09-15_60min.flac HTTP/1.1" 206 -
100.90.156.46 "GET /mix/mix_2026-09-15_60min.flac HTTP/1.1" 206 -
100.90.156.46 "GET /mix/mix_2026-09-15_60min.flac HTTP/1.1" 206 -
100.90.156.46 "GET /mix/mix_2026-09-15_60min.flac HTTP/1.1" 206 -
100.90.156.46 "GET /mix/mix_2026-09-15_60min.flac HTTP/1.1" 206 -
100.90.156.46 "GET /mix/mix_2026-09-15_60min.flac HTTP/1.1" 206 -
100.90.156.46 "GET /mix/mix_2026-09-15_60min.flac HTTP/1.1" 206 -
100.90.156.46 "GET /mix/mix_2026-09-15_60min.flac HTTP/1.1" 206 -
100.90.156.46 "GET /mix/mix_2026-09-15_60min.flac HTTP/1.1" 206 -
100.90.156.46 "GET /mix/mix_2026-09-15_60min.flac HTTP/1.1" 206 -
100.90.156.46 "GET /mix/mix_2026-09-15_60min.flac HTTP/1.1" 206 -
100.90.156.46 "GET /mix/mix_2026-09-15_60min.flac HTTP/1.1" 206 -
100.90.156.46 "GET /mix/mix_2026-09-15_60min.flac HTTP/1.1" 206 -
100.90.156.46 "GET /mix/mix_2026-09-15_60min.flac HTTP/1.1" 206 -
100.90.156.46 "GET /mix/mix_2026-09-15_60min.flac HTTP/1.1" 206 -
100.90.156.46 "GET /mix/mix_2026-09-15_60min.flac HTTP/1.1" 206 -
100.90.156.46 "GET /mix/mix_2026-09-15_60min.flac HTTP/1.1" 206 -
100.90.156.46 "GET /mix/mix_2026-09-15_60min.flac HTTP/1.1" 206 -
100.90.156.46 "GET /mix/mix_2026-09-15_60min.flac HTTP/1.1" 206 -
100.90.156.46 "GET /mix/mix_2026-09-15_60min.flac HTTP/1.1" 206 -
100.90.156.46 "GET /mix/mix_2026-09-15_60min.flac HTTP/1.1" 206 -
100.90.156.46 "GET /mix/mix_2026-09-15_60min.flac HTTP/1.1" 206 -
100.90.156.46 "GET /mix/mix_2026-09-15_60min.flac HTTP/1.1" 206 -
100.90.156.46 "GET /mix/mix_2026-09-15_60min.flac HTTP/1.1" 206 -
100.90.156.46 "GET /mix/mix_2026-09-15_60min.flac HTTP/1.1" 206 -
100.90.156.46 "GET /mix/mix_2026-09-15_60min.flac HTTP/1.1" 206 -
100.90.156.46 "GET /mix/mix_2026-09-15_60min.flac HTTP/1.1" 206 -
100.90.156.46 "GET /mix/mix_2026-09-15_60min.flac HTTP/1.1" 206 -
100.90.156.46 "GET /mix/mix_2026-09-15_60min.flac HTTP/1.1" 206 -
100.90.156.46 "GET /mix/mix_2026-09-15_60min.flac HTTP/1.1" 206 -
100.90.156.46 "GET /mix/mix_2026-09-15_60min.flac HTTP/1.1" 206 -
100.90.156.46 "GET /mix/mix_2026-09-15_60min.flac HTTP/1.1" 206 -
100.90.156.46 "GET /mix/mix_2026-09-15_60min.flac HTTP/1.1" 206 -
100.90.156.46 "GET /mix/mix_2026-09-15_60min.flac HTTP/1.1" 206 -
100.90.156.46 "GET /mix/mix_2026-09-15_60min.flac HTTP/1.1" 206 -
100.90.156.46 "GET /mix/mix_2026-09-15_60min.flac HTTP/1.1" 206 -
100.90.156.46 "GET /mix/mix_2026-09-15_60min.flac HTTP/1.1" 206 -
100.90.156.46 "GET /mix/mix_2026-09-15_60min.flac HTTP/1.1" 206 -
100.90.156.46 "GET /mix/mix_2026-09-15_60min.flac HTTP/1.1" 206 -
100.90.156.46 "GET /mix/mix_2026-09-15_60min.flac HTTP/1.1" 206 -
100.90.156.46 "GET /mix/mix_2026-09-15_60min.flac HTTP/1.1" 206 -
100.90.156.46 "GET /mix/mix_2026-09-15_60min.flac HTTP/1.1" 206 -
100.90.156.46 "GET /mix/mix_2026-09-15_60min.flac HTTP/1.1" 206 -
100.90.156.46 "GET /mix/mix_2026-09-15_60min.flac HTTP/1.1" 206 -
100.90.156.46 "GET /mix/mix_2026-09-15_60min.flac HTTP/1.1" 206 -
100.90.156.46 "GET /mix/mix_2026-09-15_60min.flac HTTP/1.1" 206 -
100.90.156.46 "GET /mix/mix_2026-09-15_60min.flac HTTP/1.1" 206 -
100.90.156.46 "GET /mix/mix_2026-09-15_60min.flac HTTP/1.1" 206 -
100.90.156.46 "GET /mix/mix_2026-09-15_60min.flac HTTP/1.1" 206 -
100.90.156.46 "GET /mix/mix_2026-09-15_60min.flac HTTP/1.1" 206 -
100.90.156.46 "GET /mix/mix_2026-09-15_60min.flac HTTP/1.1" 206 -
100.90.156.46 "GET /mix/mix_2026-09-15_60min.flac HTTP/1.1" 206 -
100.90.156.46 "GET /mix/mix_2026-09-15_60min.flac HTTP/1.1" 206 -
100.90.156.46 "GET /mix/mix_2026-09-15_60min.flac HTTP/1.1" 206 -
100.90.156.46 "GET /mix/mix_2026-09-15_60min.flac HTTP/1.1" 206 -
100.90.156.46 "GET /mix/mix_2026-09-15_60min.flac HTTP/1.1" 206 -
100.90.156.46 "GET /mix/mix_2026-09-15_60min.flac HTTP/1.1" 206 -
100.90.156.46 "GET /mix/mix_2026-09-15_60min.flac HTTP/1.1" 206 -
100.90.156.46 "GET /mix/mix_2026-09-15_60min.flac HTTP/1.1" 206 -
100.90.156.46 "GET /mix/mix_2026-09-15_60min.flac HTTP/1.1" 206 -
100.90.156.46 "GET /mix/mix_2026-09-15_60min.flac HTTP/1.1" 206 -
100.90.156.46 "GET /mix/mix_2026-09-15_60min.flac HTTP/1.1" 206 -
100.90.156.46 "GET /mix/mix_2026-09-15_60min.flac HTTP/1.1" 206 -
100.90.156.46 "GET /mix/mix_2026-09-15_60min.flac HTTP/1.1" 206 -
100.90.156.46 "GET /mix/mix_2026-09-15_60min.flac HTTP/1.1" 206 -----------------------------------------
Exception occurred during processing of request from ('100.90.156.46', 64487)
Traceback (most recent call last):
  File "/home/colby/.local/share/uv/python/cpython-3.13.15-linux-x86_64-gnu/lib/python3.13/socketserver.py", line 697, in process_request_thread
    self.finish_request(request, client_address)
    ~~~~~~~~~~~~~~~~~~~^^^^^^^^^^^^^^^^^^^^^^^^^
  File "/home/colby/.local/share/uv/python/cpython-3.13.15-linux-x86_64-gnu/lib/python3.13/socketserver.py", line 362, in finish_request
    self.RequestHandlerClass(request, client_address, self)
    ~~~~~~~~~~~~~~~~~~~~~~~~^^^^^^^^^^^^^^^^^^^^^^^^^^^^^^^
  File "/home/colby/.local/share/uv/python/cpython-3.13.15-linux-x86_64-gnu/lib/python3.13/socketserver.py", line 766, in __init__
    self.handle()
    ~~~~~~~~~~~^^
  File "/home/colby/.local/share/uv/python/cpython-3.13.15-linux-x86_64-gnu/lib/python3.13/http/server.py", line 451, in handle
    self.handle_one_request()
    ~~~~~~~~~~~~~~~~~~~~~~~^^
  File "/home/colby/.local/share/uv/python/cpython-3.13.15-linux-x86_64-gnu/lib/python3.13/http/server.py", line 439, in handle_one_request
    method()
    ~~~~~~^^
  File "/home/colby/MediaSynthesis/headless-dj/web.py", line 83, in do_GET
    self._send_flac(f)
    ~~~~~~~~~~~~~~~^^^
  File "/home/colby/MediaSynthesis/headless-dj/web.py", line 111, in _send_flac
    self.wfile.write(chunk)
    ~~~~~~~~~~~~~~~~^^^^^^^
  File "/home/colby/.local/share/uv/python/cpython-3.13.15-linux-x86_64-gnu/lib/python3.13/socketserver.py", line 845, in write
    self._sock.sendall(b)
    ~~~~~~~~~~~~~~~~~~^^^
BrokenPipeError: [Errno 32] Broken pipe
----------------------------------------
----------------------------------------
Exception occurred during processing of request from ('100.90.156.46', 53057)
Traceback (most recent call last):
  File "/home/colby/.local/share/uv/python/cpython-3.13.15-linux-x86_64-gnu/lib/python3.13/socketserver.py", line 697, in process_request_thread
    self.finish_request(request, client_address)
    ~~~~~~~~~~~~~~~~~~~^^^^^^^^^^^^^^^^^^^^^^^^^
  File "/home/colby/.local/share/uv/python/cpython-3.13.15-linux-x86_64-gnu/lib/python3.13/socketserver.py", line 362, in finish_request
    self.RequestHandlerClass(request, client_address, self)
    ~~~~~~~~~~~~~~~~~~~~~~~~^^^^^^^^^^^^^^^^^^^^^^^^^^^^^^^
  File "/home/colby/.local/share/uv/python/cpython-3.13.15-linux-x86_64-gnu/lib/python3.13/socketserver.py", line 766, in __init__
    self.handle()
    ~~~~~~~~~~~^^
  File "/home/colby/.local/share/uv/python/cpython-3.13.15-linux-x86_64-gnu/lib/python3.13/http/server.py", line 451, in handle
    self.handle_one_request()
    ~~~~~~~~~~~~~~~~~~~~~~~^^
  File "/home/colby/.local/share/uv/python/cpython-3.13.15-linux-x86_64-gnu/lib/python3.13/http/server.py", line 439, in handle_one_request
    method()
    ~~~~~~^^
  File "/home/colby/MediaSynthesis/headless-dj/web.py", line 83, in do_GET
    self._send_flac(f)
    ~~~~~~~~~~~~~~~^^^
  File "/home/colby/MediaSynthesis/headless-dj/web.py", line 111, in _send_flac
    self.wfile.write(chunk)
    ~~~~~~~~~~~~~~~~^^^^^^^
  File "/home/colby/.local/share/uv/python/cpython-3.13.15-linux-x86_64-gnu/lib/python3.13/socketserver.py", line 845, in write
    self._sock.sendall(b)
    ~~~~~~~~~~~~~~~~~~^^^
BrokenPipeError: [Errno 32] Broken pipe
----------------------------------------
----------------------------------------
Exception occurred during processing of request from ('100.90.156.46', 49204)
Traceback (most recent call last):
  File "/home/colby/.local/share/uv/python/cpython-3.13.15-linux-x86_64-gnu/lib/python3.13/socketserver.py", line 697, in process_request_thread
    self.finish_request(request, client_address)
    ~~~~~~~~~~~~~~~~~~~^^^^^^^^^^^^^^^^^^^^^^^^^
  File "/home/colby/.local/share/uv/python/cpython-3.13.15-linux-x86_64-gnu/lib/python3.13/socketserver.py", line 362, in finish_request
    self.RequestHandlerClass(request, client_address, self)
    ~~~~~~~~~~~~~~~~~~~~~~~~^^^^^^^^^^^^^^^^^^^^^^^^^^^^^^^
  File "/home/colby/.local/share/uv/python/cpython-3.13.15-linux-x86_64-gnu/lib/python3.13/socketserver.py", line 766, in __init__
    self.handle()
    ~~~~~~~~~~~^^
  File "/home/colby/.local/share/uv/python/cpython-3.13.15-linux-x86_64-gnu/lib/python3.13/http/server.py", line 451, in handle
    self.handle_one_request()
    ~~~~~~~~~~~~~~~~~~~~~~~^^
  File "/home/colby/.local/share/uv/python/cpython-3.13.15-linux-x86_64-gnu/lib/python3.13/http/server.py", line 439, in handle_one_request
    method()
    ~~~~~~^^
  File "/home/colby/MediaSynthesis/headless-dj/web.py", line 83, in do_GET
    self._send_flac(f)
    ~~~~~~~~~~~~~~~^^^
  File "/home/colby/MediaSynthesis/headless-dj/web.py", line 111, in _send_flac
    self.wfile.write(chunk)
    ~~~~~~~~~~~~~~~~^^^^^^^
  File "/home/colby/.local/share/uv/python/cpython-3.13.15-linux-x86_64-gnu/lib/python3.13/socketserver.py", line 845, in write
    self._sock.sendall(b)
    ~~~~~~~~~~~~~~~~~~^^^
BrokenPipeError: [Errno 32] Broken pipe
----------------------------------------
----------------------------------------
Exception occurred during processing of request from ('100.90.156.46', 62943)
Traceback (most recent call last):
  File "/home/colby/.local/share/uv/python/cpython-3.13.15-linux-x86_64-gnu/lib/python3.13/socketserver.py", line 697, in process_request_thread
    self.finish_request(request, client_address)
    ~~~~~~~~~~~~~~~~~~~^^^^^^^^^^^^^^^^^^^^^^^^^
  File "/home/colby/.local/share/uv/python/cpython-3.13.15-linux-x86_64-gnu/lib/python3.13/socketserver.py", line 362, in finish_request
    self.RequestHandlerClass(request, client_address, self)
    ~~~~~~~~~~~~~~~~~~~~~~~~^^^^^^^^^^^^^^^^^^^^^^^^^^^^^^^
  File "/home/colby/.local/share/uv/python/cpython-3.13.15-linux-x86_64-gnu/lib/python3.13/socketserver.py", line 766, in __init__
    self.handle()
    ~~~~~~~~~~~^^
  File "/home/colby/.local/share/uv/python/cpython-3.13.15-linux-x86_64-gnu/lib/python3.13/http/server.py", line 451, in handle
    self.handle_one_request()
    ~~~~~~~~~~~~~~~~~~~~~~~^^
  File "/home/colby/.local/share/uv/python/cpython-3.13.15-linux-x86_64-gnu/lib/python3.13/http/server.py", line 439, in handle_one_request
    method()
    ~~~~~~^^
  File "/home/colby/MediaSynthesis/headless-dj/web.py", line 83, in do_GET
    self._send_flac(f)
    ~~~~~~~~~~~~~~~^^^
  File "/home/colby/MediaSynthesis/headless-dj/web.py", line 111, in _send_flac
    self.wfile.write(chunk)
    ~~~~~~~~~~~~~~~~^^^^^^^
  File "/home/colby/.local/share/uv/python/cpython-3.13.15-linux-x86_64-gnu/lib/python3.13/socketserver.py", line 845, in write
    self._sock.sendall(b)
    ~~~~~~~~~~~~~~~~~~^^^
BrokenPipeError: [Errno 32] Broken pipe
----------------------------------------
----------------------------------------
Exception occurred during processing of request from ('100.90.156.46', 49451)
Traceback (most recent call last):
  File "/home/colby/.local/share/uv/python/cpython-3.13.15-linux-x86_64-gnu/lib/python3.13/socketserver.py", line 697, in process_request_thread
    self.finish_request(request, client_address)
    ~~~~~~~~~~~~~~~~~~~^^^^^^^^^^^^^^^^^^^^^^^^^
  File "/home/colby/.local/share/uv/python/cpython-3.13.15-linux-x86_64-gnu/lib/python3.13/socketserver.py", line 362, in finish_request
    self.RequestHandlerClass(request, client_address, self)
    ~~~~~~~~~~~~~~~~~~~~~~~~^^^^^^^^^^^^^^^^^^^^^^^^^^^^^^^
  File "/home/colby/.local/share/uv/python/cpython-3.13.15-linux-x86_64-gnu/lib/python3.13/socketserver.py", line 766, in __init__
    self.handle()
    ~~~~~~~~~~~^^
  File "/home/colby/.local/share/uv/python/cpython-3.13.15-linux-x86_64-gnu/lib/python3.13/http/server.py", line 451, in handle
    self.handle_one_request()
    ~~~~~~~~~~~~~~~~~~~~~~~^^
  File "/home/colby/.local/share/uv/python/cpython-3.13.15-linux-x86_64-gnu/lib/python3.13/http/server.py", line 439, in handle_one_request
    method()
    ~~~~~~^^
  File "/home/colby/MediaSynthesis/headless-dj/web.py", line 83, in do_GET
    self._send_flac(f)
    ~~~~~~~~~~~~~~~^^^
  File "/home/colby/MediaSynthesis/headless-dj/web.py", line 111, in _send_flac
    self.wfile.write(chunk)
    ~~~~~~~~~~~~~~~~^^^^^^^
  File "/home/colby/.local/share/uv/python/cpython-3.13.15-linux-x86_64-gnu/lib/python3.13/socketserver.py", line 845, in write
    self._sock.sendall(b)
    ~~~~~~~~~~~~~~~~~~^^^
BrokenPipeError: [Errno 32] Broken pipe
----------------------------------------
----------------------------------------
Exception occurred during processing of request from ('100.90.156.46', 58477)
Traceback (most recent call last):
  File "/home/colby/.local/share/uv/python/cpython-3.13.15-linux-x86_64-gnu/lib/python3.13/socketserver.py", line 697, in process_request_thread
    self.finish_request(request, client_address)
    ~~~~~~~~~~~~~~~~~~~^^^^^^^^^^^^^^^^^^^^^^^^^
  File "/home/colby/.local/share/uv/python/cpython-3.13.15-linux-x86_64-gnu/lib/python3.13/socketserver.py", line 362, in finish_request
    self.RequestHandlerClass(request, client_address, self)
    ~~~~~~~~~~~~~~~~~~~~~~~~^^^^^^^^^^^^^^^^^^^^^^^^^^^^^^^
  File "/home/colby/.local/share/uv/python/cpython-3.13.15-linux-x86_64-gnu/lib/python3.13/socketserver.py", line 766, in __init__
    self.handle()
    ~~~~~~~~~~~^^
  File "/home/colby/.local/share/uv/python/cpython-3.13.15-linux-x86_64-gnu/lib/python3.13/http/server.py", line 451, in handle
    self.handle_one_request()
    ~~~~~~~~~~~~~~~~~~~~~~~^^
  File "/home/colby/.local/share/uv/python/cpython-3.13.15-linux-x86_64-gnu/lib/python3.13/http/server.py", line 439, in handle_one_request
    method()
    ~~~~~~^^
  File "/home/colby/MediaSynthesis/headless-dj/web.py", line 83, in do_GET
    self._send_flac(f)
    ~~~~~~~~~~~~~~~^^^
  File "/home/colby/MediaSynthesis/headless-dj/web.py", line 111, in _send_flac
    self.wfile.write(chunk)
    ~~~~~~~~~~~~~~~~^^^^^^^
  File "/home/colby/.local/share/uv/python/cpython-3.13.15-linux-x86_64-gnu/lib/python3.13/socketserver.py", line 845, in write
    self._sock.sendall(b)
    ~~~~~~~~~~~~~~~~~~^^^
BrokenPipeError: [Errno 32] Broken pipe
----------------------------------------
----------------------------------------
Exception occurred during processing of request from ('100.90.156.46', 62950)
Traceback (most recent call last):
  File "/home/colby/.local/share/uv/python/cpython-3.13.15-linux-x86_64-gnu/lib/python3.13/socketserver.py", line 697, in process_request_thread
    self.finish_request(request, client_address)
    ~~~~~~~~~~~~~~~~~~~^^^^^^^^^^^^^^^^^^^^^^^^^
  File "/home/colby/.local/share/uv/python/cpython-3.13.15-linux-x86_64-gnu/lib/python3.13/socketserver.py", line 362, in finish_request
    self.RequestHandlerClass(request, client_address, self)
    ~~~~~~~~~~~~~~~~~~~~~~~~^^^^^^^^^^^^^^^^^^^^^^^^^^^^^^^
  File "/home/colby/.local/share/uv/python/cpython-3.13.15-linux-x86_64-gnu/lib/python3.13/socketserver.py", line 766, in __init__
    self.handle()
    ~~~~~~~~~~~^^
  File "/home/colby/.local/share/uv/python/cpython-3.13.15-linux-x86_64-gnu/lib/python3.13/http/server.py", line 451, in handle
    self.handle_one_request()
    ~~~~~~~~~~~~~~~~~~~~~~~^^
  File "/home/colby/.local/share/uv/python/cpython-3.13.15-linux-x86_64-gnu/lib/python3.13/http/server.py", line 439, in handle_one_request
    method()
    ~~~~~~^^
  File "/home/colby/MediaSynthesis/headless-dj/web.py", line 83, in do_GET
    self._send_flac(f)
    ~~~~~~~~~~~~~~~^^^
  File "/home/colby/MediaSynthesis/headless-dj/web.py", line 111, in _send_flac
    self.wfile.write(chunk)
    ~~~~~~~~~~~~~~~~^^^^^^^
  File "/home/colby/.local/share/uv/python/cpython-3.13.15-linux-x86_64-gnu/lib/python3.13/socketserver.py", line 845, in write
    self._sock.sendall(b)
    ~~~~~~~~~~~~~~~~~~^^^
BrokenPipeError: [Errno 32] Broken pipe
----------------------------------------
----------------------------------------
Exception occurred during processing of request from ('100.90.156.46', 57040)
Traceback (most recent call last):
  File "/home/colby/.local/share/uv/python/cpython-3.13.15-linux-x86_64-gnu/lib/python3.13/socketserver.py", line 697, in process_request_thread
    self.finish_request(request, client_address)
    ~~~~~~~~~~~~~~~~~~~^^^^^^^^^^^^^^^^^^^^^^^^^
  File "/home/colby/.local/share/uv/python/cpython-3.13.15-linux-x86_64-gnu/lib/python3.13/socketserver.py", line 362, in finish_request
    self.RequestHandlerClass(request, client_address, self)
    ~~~~~~~~~~~~~~~~~~~~~~~~^^^^^^^^^^^^^^^^^^^^^^^^^^^^^^^
  File "/home/colby/.local/share/uv/python/cpython-3.13.15-linux-x86_64-gnu/lib/python3.13/socketserver.py", line 766, in __init__
    self.handle()
    ~~~~~~~~~~~^^
  File "/home/colby/.local/share/uv/python/cpython-3.13.15-linux-x86_64-gnu/lib/python3.13/http/server.py", line 451, in handle
    self.handle_one_request()
    ~~~~~~~~~~~~~~~~~~~~~~~^^
  File "/home/colby/.local/share/uv/python/cpython-3.13.15-linux-x86_64-gnu/lib/python3.13/http/server.py", line 439, in handle_one_request
    method()
    ~~~~~~^^
  File "/home/colby/MediaSynthesis/headless-dj/web.py", line 83, in do_GET
    self._send_flac(f)
    ~~~~~~~~~~~~~~~^^^
  File "/home/colby/MediaSynthesis/headless-dj/web.py", line 111, in _send_flac
    self.wfile.write(chunk)
    ~~~~~~~~~~~~~~~~^^^^^^^
  File "/home/colby/.local/share/uv/python/cpython-3.13.15-linux-x86_64-gnu/lib/python3.13/socketserver.py", line 845, in write
    self._sock.sendall(b)
    ~~~~~~~~~~~~~~~~~~^^^
BrokenPipeError: [Errno 32] Broken pipe
----------------------------------------
----------------------------------------
Exception occurred during processing of request from ('100.90.156.46', 57317)
Traceback (most recent call last):
  File "/home/colby/.local/share/uv/python/cpython-3.13.15-linux-x86_64-gnu/lib/python3.13/socketserver.py", line 697, in process_request_thread
    self.finish_request(request, client_address)
    ~~~~~~~~~~~~~~~~~~~^^^^^^^^^^^^^^^^^^^^^^^^^
  File "/home/colby/.local/share/uv/python/cpython-3.13.15-linux-x86_64-gnu/lib/python3.13/socketserver.py", line 362, in finish_request
    self.RequestHandlerClass(request, client_address, self)
    ~~~~~~~~~~~~~~~~~~~~~~~~^^^^^^^^^^^^^^^^^^^^^^^^^^^^^^^
  File "/home/colby/.local/share/uv/python/cpython-3.13.15-linux-x86_64-gnu/lib/python3.13/socketserver.py", line 766, in __init__
    self.handle()
    ~~~~~~~~~~~^^
  File "/home/colby/.local/share/uv/python/cpython-3.13.15-linux-x86_64-gnu/lib/python3.13/http/server.py", line 451, in handle
    self.handle_one_request()
    ~~~~~~~~~~~~~~~~~~~~~~~^^
  File "/home/colby/.local/share/uv/python/cpython-3.13.15-linux-x86_64-gnu/lib/python3.13/http/server.py", line 439, in handle_one_request
    method()
    ~~~~~~^^
  File "/home/colby/MediaSynthesis/headless-dj/web.py", line 83, in do_GET
    self._send_flac(f)
    ~~~~~~~~~~~~~~~^^^
  File "/home/colby/MediaSynthesis/headless-dj/web.py", line 111, in _send_flac
    self.wfile.write(chunk)
    ~~~~~~~~~~~~~~~~^^^^^^^
  File "/home/colby/.local/share/uv/python/cpython-3.13.15-linux-x86_64-gnu/lib/python3.13/socketserver.py", line 845, in write
    self._sock.sendall(b)
    ~~~~~~~~~~~~~~~~~~^^^
BrokenPipeError: [Errno 32] Broken pipe
----------------------------------------
----------------------------------------
Exception occurred during processing of request from ('100.90.156.46', 62431)
Traceback (most recent call last):
  File "/home/colby/.local/share/uv/python/cpython-3.13.15-linux-x86_64-gnu/lib/python3.13/socketserver.py", line 697, in process_request_thread
    self.finish_request(request, client_address)
    ~~~~~~~~~~~~~~~~~~~^^^^^^^^^^^^^^^^^^^^^^^^^
  File "/home/colby/.local/share/uv/python/cpython-3.13.15-linux-x86_64-gnu/lib/python3.13/socketserver.py", line 362, in finish_request
    self.RequestHandlerClass(request, client_address, self)
    ~~~~~~~~~~~~~~~~~~~~~~~~^^^^^^^^^^^^^^^^^^^^^^^^^^^^^^^
  File "/home/colby/.local/share/uv/python/cpython-3.13.15-linux-x86_64-gnu/lib/python3.13/socketserver.py", line 766, in __init__
    self.handle()
    ~~~~~~~~~~~^^
  File "/home/colby/.local/share/uv/python/cpython-3.13.15-linux-x86_64-gnu/lib/python3.13/http/server.py", line 451, in handle
    self.handle_one_request()
    ~~~~~~~~~~~~~~~~~~~~~~~^^
  File "/home/colby/.local/share/uv/python/cpython-3.13.15-linux-x86_64-gnu/lib/python3.13/http/server.py", line 439, in handle_one_request
    method()
    ~~~~~~^^
  File "/home/colby/MediaSynthesis/headless-dj/web.py", line 83, in do_GET
    self._send_flac(f)
    ~~~~~~~~~~~~~~~^^^
  File "/home/colby/MediaSynthesis/headless-dj/web.py", line 111, in _send_flac
    self.wfile.write(chunk)
    ~~~~~~~~~~~~~~~~^^^^^^^
  File "/home/colby/.local/share/uv/python/cpython-3.13.15-linux-x86_64-gnu/lib/python3.13/socketserver.py", line 845, in write
    self._sock.sendall(b)
    ~~~~~~~~~~~~~~~~~~^^^
BrokenPipeError: [Errno 32] Broken pipe
----------------------------------------
----------------------------------------
Exception occurred during processing of request from ('100.90.156.46', 54918)
Traceback (most recent call last):
  File "/home/colby/.local/share/uv/python/cpython-3.13.15-linux-x86_64-gnu/lib/python3.13/socketserver.py", line 697, in process_request_thread
    self.finish_request(request, client_address)
    ~~~~~~~~~~~~~~~~~~~^^^^^^^^^^^^^^^^^^^^^^^^^
  File "/home/colby/.local/share/uv/python/cpython-3.13.15-linux-x86_64-gnu/lib/python3.13/socketserver.py", line 362, in finish_request
    self.RequestHandlerClass(request, client_address, self)
    ~~~~~~~~~~~~~~~~~~~~~~~~^^^^^^^^^^^^^^^^^^^^^^^^^^^^^^^
  File "/home/colby/.local/share/uv/python/cpython-3.13.15-linux-x86_64-gnu/lib/python3.13/socketserver.py", line 766, in __init__
    self.handle()
    ~~~~~~~~~~~^^
  File "/home/colby/.local/share/uv/python/cpython-3.13.15-linux-x86_64-gnu/lib/python3.13/http/server.py", line 451, in handle
    self.handle_one_request()
    ~~~~~~~~~~~~~~~~~~~~~~~^^
  File "/home/colby/.local/share/uv/python/cpython-3.13.15-linux-x86_64-gnu/lib/python3.13/http/server.py", line 439, in handle_one_request
    method()
    ~~~~~~^^
  File "/home/colby/MediaSynthesis/headless-dj/web.py", line 83, in do_GET
    self._send_flac(f)
    ~~~~~~~~~~~~~~~^^^
  File "/home/colby/MediaSynthesis/headless-dj/web.py", line 111, in _send_flac
    self.wfile.write(chunk)
    ~~~~~~~~~~~~~~~~^^^^^^^
  File "/home/colby/.local/share/uv/python/cpython-3.13.15-linux-x86_64-gnu/lib/python3.13/socketserver.py", line 845, in write
    self._sock.sendall(b)
    ~~~~~~~~~~~~~~~~~~^^^
BrokenPipeError: [Errno 32] Broken pipe
----------------------------------------
----------------------------------------
Exception occurred during processing of request from ('100.90.156.46', 53646)
Traceback (most recent call last):
  File "/home/colby/.local/share/uv/python/cpython-3.13.15-linux-x86_64-gnu/lib/python3.13/socketserver.py", line 697, in process_request_thread
    self.finish_request(request, client_address)
    ~~~~~~~~~~~~~~~~~~~^^^^^^^^^^^^^^^^^^^^^^^^^
  File "/home/colby/.local/share/uv/python/cpython-3.13.15-linux-x86_64-gnu/lib/python3.13/socketserver.py", line 362, in finish_request
    self.RequestHandlerClass(request, client_address, self)
    ~~~~~~~~~~~~~~~~~~~~~~~~^^^^^^^^^^^^^^^^^^^^^^^^^^^^^^^
  File "/home/colby/.local/share/uv/python/cpython-3.13.15-linux-x86_64-gnu/lib/python3.13/socketserver.py", line 766, in __init__
    self.handle()
    ~~~~~~~~~~~^^
  File "/home/colby/.local/share/uv/python/cpython-3.13.15-linux-x86_64-gnu/lib/python3.13/http/server.py", line 451, in handle
    self.handle_one_request()
    ~~~~~~~~~~~~~~~~~~~~~~~^^
  File "/home/colby/.local/share/uv/python/cpython-3.13.15-linux-x86_64-gnu/lib/python3.13/http/server.py", line 439, in handle_one_request
    method()
    ~~~~~~^^
  File "/home/colby/MediaSynthesis/headless-dj/web.py", line 83, in do_GET
    self._send_flac(f)
    ~~~~~~~~~~~~~~~^^^
  File "/home/colby/MediaSynthesis/headless-dj/web.py", line 111, in _send_flac
    self.wfile.write(chunk)
    ~~~~~~~~~~~~~~~~^^^^^^^
  File "/home/colby/.local/share/uv/python/cpython-3.13.15-linux-x86_64-gnu/lib/python3.13/socketserver.py", line 845, in write
    self._sock.sendall(b)
    ~~~~~~~~~~~~~~~~~~^^^
BrokenPipeError: [Errno 32] Broken pipe
----------------------------------------
----------------------------------------
Exception occurred during processing of request from ('100.90.156.46', 65506)
Traceback (most recent call last):
  File "/home/colby/.local/share/uv/python/cpython-3.13.15-linux-x86_64-gnu/lib/python3.13/socketserver.py", line 697, in process_request_thread
    self.finish_request(request, client_address)
    ~~~~~~~~~~~~~~~~~~~^^^^^^^^^^^^^^^^^^^^^^^^^
  File "/home/colby/.local/share/uv/python/cpython-3.13.15-linux-x86_64-gnu/lib/python3.13/socketserver.py", line 362, in finish_request
    self.RequestHandlerClass(request, client_address, self)
    ~~~~~~~~~~~~~~~~~~~~~~~~^^^^^^^^^^^^^^^^^^^^^^^^^^^^^^^
  File "/home/colby/.local/share/uv/python/cpython-3.13.15-linux-x86_64-gnu/lib/python3.13/socketserver.py", line 766, in __init__
    self.handle()
    ~~~~~~~~~~~^^
  File "/home/colby/.local/share/uv/python/cpython-3.13.15-linux-x86_64-gnu/lib/python3.13/http/server.py", line 451, in handle
    self.handle_one_request()
    ~~~~~~~~~~~~~~~~~~~~~~~^^
  File "/home/colby/.local/share/uv/python/cpython-3.13.15-linux-x86_64-gnu/lib/python3.13/http/server.py", line 439, in handle_one_request
    method()
    ~~~~~~^^
  File "/home/colby/MediaSynthesis/headless-dj/web.py", line 83, in do_GET
    self._send_flac(f)
    ~~~~~~~~~~~~~~~^^^
  File "/home/colby/MediaSynthesis/headless-dj/web.py", line 111, in _send_flac
    self.wfile.write(chunk)
    ~~~~~~~~~~~~~~~~^^^^^^^
  File "/home/colby/.local/share/uv/python/cpython-3.13.15-linux-x86_64-gnu/lib/python3.13/socketserver.py", line 845, in write
    self._sock.sendall(b)
    ~~~~~~~~~~~~~~~~~~^^^
BrokenPipeError: [Errno 32] Broken pipe
----------------------------------------
----------------------------------------
Exception occurred during processing of request from ('100.90.156.46', 51616)
Traceback (most recent call last):
  File "/home/colby/.local/share/uv/python/cpython-3.13.15-linux-x86_64-gnu/lib/python3.13/socketserver.py", line 697, in process_request_thread
    self.finish_request(request, client_address)
    ~~~~~~~~~~~~~~~~~~~^^^^^^^^^^^^^^^^^^^^^^^^^
  File "/home/colby/.local/share/uv/python/cpython-3.13.15-linux-x86_64-gnu/lib/python3.13/socketserver.py", line 362, in finish_request
    self.RequestHandlerClass(request, client_address, self)
    ~~~~~~~~~~~~~~~~~~~~~~~~^^^^^^^^^^^^^^^^^^^^^^^^^^^^^^^
  File "/home/colby/.local/share/uv/python/cpython-3.13.15-linux-x86_64-gnu/lib/python3.13/socketserver.py", line 766, in __init__
    self.handle()
    ~~~~~~~~~~~^^
  File "/home/colby/.local/share/uv/python/cpython-3.13.15-linux-x86_64-gnu/lib/python3.13/http/server.py", line 451, in handle
    self.handle_one_request()
    ~~~~~~~~~~~~~~~~~~~~~~~^^
  File "/home/colby/.local/share/uv/python/cpython-3.13.15-linux-x86_64-gnu/lib/python3.13/http/server.py", line 439, in handle_one_request
    method()
    ~~~~~~^^
  File "/home/colby/MediaSynthesis/headless-dj/web.py", line 83, in do_GET
    self._send_flac(f)
    ~~~~~~~~~~~~~~~^^^
  File "/home/colby/MediaSynthesis/headless-dj/web.py", line 111, in _send_flac
    self.wfile.write(chunk)
    ~~~~~~~~~~~~~~~~^^^^^^^
  File "/home/colby/.local/share/uv/python/cpython-3.13.15-linux-x86_64-gnu/lib/python3.13/socketserver.py", line 845, in write
    self._sock.sendall(b)
    ~~~~~~~~~~~~~~~~~~^^^
BrokenPipeError: [Errno 32] Broken pipe
----------------------------------------
----------------------------------------
Exception occurred during processing of request from ('100.90.156.46', 54729)
Traceback (most recent call last):
  File "/home/colby/.local/share/uv/python/cpython-3.13.15-linux-x86_64-gnu/lib/python3.13/socketserver.py", line 697, in process_request_thread
    self.finish_request(request, client_address)
    ~~~~~~~~~~~~~~~~~~~^^^^^^^^^^^^^^^^^^^^^^^^^
  File "/home/colby/.local/share/uv/python/cpython-3.13.15-linux-x86_64-gnu/lib/python3.13/socketserver.py", line 362, in finish_request
    self.RequestHandlerClass(request, client_address, self)
    ~~~~~~~~~~~~~~~~~~~~~~~~^^^^^^^^^^^^^^^^^^^^^^^^^^^^^^^
  File "/home/colby/.local/share/uv/python/cpython-3.13.15-linux-x86_64-gnu/lib/python3.13/socketserver.py", line 766, in __init__
    self.handle()
    ~~~~~~~~~~~^^
  File "/home/colby/.local/share/uv/python/cpython-3.13.15-linux-x86_64-gnu/lib/python3.13/http/server.py", line 451, in handle
    self.handle_one_request()
    ~~~~~~~~~~~~~~~~~~~~~~~^^
  File "/home/colby/.local/share/uv/python/cpython-3.13.15-linux-x86_64-gnu/lib/python3.13/http/server.py", line 439, in handle_one_request
    method()
    ~~~~~~^^
  File "/home/colby/MediaSynthesis/headless-dj/web.py", line 83, in do_GET
    self._send_flac(f)
    ~~~~~~~~~~~~~~~^^^
  File "/home/colby/MediaSynthesis/headless-dj/web.py", line 111, in _send_flac
    self.wfile.write(chunk)
    ~~~~~~~~~~~~~~~~^^^^^^^
  File "/home/colby/.local/share/uv/python/cpython-3.13.15-linux-x86_64-gnu/lib/python3.13/socketserver.py", line 845, in write
    self._sock.sendall(b)
    ~~~~~~~~~~~~~~~~~~^^^
BrokenPipeError: [Errno 32] Broken pipe
----------------------------------------
----------------------------------------
Exception occurred during processing of request from ('100.90.156.46', 62156)
Traceback (most recent call last):
  File "/home/colby/.local/share/uv/python/cpython-3.13.15-linux-x86_64-gnu/lib/python3.13/socketserver.py", line 697, in process_request_thread
    self.finish_request(request, client_address)
    ~~~~~~~~~~~~~~~~~~~^^^^^^^^^^^^^^^^^^^^^^^^^
  File "/home/colby/.local/share/uv/python/cpython-3.13.15-linux-x86_64-gnu/lib/python3.13/socketserver.py", line 362, in finish_request
    self.RequestHandlerClass(request, client_address, self)
    ~~~~~~~~~~~~~~~~~~~~~~~~^^^^^^^^^^^^^^^^^^^^^^^^^^^^^^^
  File "/home/colby/.local/share/uv/python/cpython-3.13.15-linux-x86_64-gnu/lib/python3.13/socketserver.py", line 766, in __init__
    self.handle()
    ~~~~~~~~~~~^^
  File "/home/colby/.local/share/uv/python/cpython-3.13.15-linux-x86_64-gnu/lib/python3.13/http/server.py", line 451, in handle
    self.handle_one_request()
    ~~~~~~~~~~~~~~~~~~~~~~~^^
  File "/home/colby/.local/share/uv/python/cpython-3.13.15-linux-x86_64-gnu/lib/python3.13/http/server.py", line 439, in handle_one_request
    method()
    ~~~~~~^^
  File "/home/colby/MediaSynthesis/headless-dj/web.py", line 83, in do_GET
    self._send_flac(f)
    ~~~~~~~~~~~~~~~^^^
  File "/home/colby/MediaSynthesis/headless-dj/web.py", line 111, in _send_flac
    self.wfile.write(chunk)
    ~~~~~~~~~~~~~~~~^^^^^^^
  File "/home/colby/.local/share/uv/python/cpython-3.13.15-linux-x86_64-gnu/lib/python3.13/socketserver.py", line 845, in write
    self._sock.sendall(b)
    ~~~~~~~~~~~~~~~~~~^^^
BrokenPipeError: [Errno 32] Broken pipe
----------------------------------------
----------------------------------------
Exception occurred during processing of request from ('100.90.156.46', 55374)
Traceback (most recent call last):
  File "/home/colby/.local/share/uv/python/cpython-3.13.15-linux-x86_64-gnu/lib/python3.13/socketserver.py", line 697, in process_request_thread
    self.finish_request(request, client_address)
    ~~~~~~~~~~~~~~~~~~~^^^^^^^^^^^^^^^^^^^^^^^^^
  File "/home/colby/.local/share/uv/python/cpython-3.13.15-linux-x86_64-gnu/lib/python3.13/socketserver.py", line 362, in finish_request
    self.RequestHandlerClass(request, client_address, self)
    ~~~~~~~~~~~~~~~~~~~~~~~~^^^^^^^^^^^^^^^^^^^^^^^^^^^^^^^
  File "/home/colby/.local/share/uv/python/cpython-3.13.15-linux-x86_64-gnu/lib/python3.13/socketserver.py", line 766, in __init__
    self.handle()
    ~~~~~~~~~~~^^
  File "/home/colby/.local/share/uv/python/cpython-3.13.15-linux-x86_64-gnu/lib/python3.13/http/server.py", line 451, in handle
    self.handle_one_request()
    ~~~~~~~~~~~~~~~~~~~~~~~^^
  File "/home/colby/.local/share/uv/python/cpython-3.13.15-linux-x86_64-gnu/lib/python3.13/http/server.py", line 439, in handle_one_request
    method()
    ~~~~~~^^
  File "/home/colby/MediaSynthesis/headless-dj/web.py", line 83, in do_GET
    self._send_flac(f)
    ~~~~~~~~~~~~~~~^^^
  File "/home/colby/MediaSynthesis/headless-dj/web.py", line 111, in _send_flac
    self.wfile.write(chunk)
    ~~~~~~~~~~~~~~~~^^^^^^^
  File "/home/colby/.local/share/uv/python/cpython-3.13.15-linux-x86_64-gnu/lib/python3.13/socketserver.py", line 845, in write
    self._sock.sendall(b)
    ~~~~~~~~~~~~~~~~~~^^^
BrokenPipeError: [Errno 32] Broken pipe
----------------------------------------
----------------------------------------
Exception occurred during processing of request from ('100.90.156.46', 61578)
Traceback (most recent call last):
  File "/home/colby/.local/share/uv/python/cpython-3.13.15-linux-x86_64-gnu/lib/python3.13/socketserver.py", line 697, in process_request_thread
    self.finish_request(request, client_address)
    ~~~~~~~~~~~~~~~~~~~^^^^^^^^^^^^^^^^^^^^^^^^^
  File "/home/colby/.local/share/uv/python/cpython-3.13.15-linux-x86_64-gnu/lib/python3.13/socketserver.py", line 362, in finish_request
    self.RequestHandlerClass(request, client_address, self)
    ~~~~~~~~~~~~~~~~~~~~~~~~^^^^^^^^^^^^^^^^^^^^^^^^^^^^^^^
  File "/home/colby/.local/share/uv/python/cpython-3.13.15-linux-x86_64-gnu/lib/python3.13/socketserver.py", line 766, in __init__
    self.handle()
    ~~~~~~~~~~~^^
  File "/home/colby/.local/share/uv/python/cpython-3.13.15-linux-x86_64-gnu/lib/python3.13/http/server.py", line 451, in handle
    self.handle_one_request()
    ~~~~~~~~~~~~~~~~~~~~~~~^^
  File "/home/colby/.local/share/uv/python/cpython-3.13.15-linux-x86_64-gnu/lib/python3.13/http/server.py", line 439, in handle_one_request
    method()
    ~~~~~~^^
  File "/home/colby/MediaSynthesis/headless-dj/web.py", line 83, in do_GET
    self._send_flac(f)
    ~~~~~~~~~~~~~~~^^^
  File "/home/colby/MediaSynthesis/headless-dj/web.py", line 111, in _send_flac
    self.wfile.write(chunk)
    ~~~~~~~~~~~~~~~~^^^^^^^
  File "/home/colby/.local/share/uv/python/cpython-3.13.15-linux-x86_64-gnu/lib/python3.13/socketserver.py", line 845, in write
    self._sock.sendall(b)
    ~~~~~~~~~~~~~~~~~~^^^
BrokenPipeError: [Errno 32] Broken pipe
----------------------------------------
----------------------------------------
Exception occurred during processing of request from ('100.90.156.46', 52386)
Traceback (most recent call last):
  File "/home/colby/.local/share/uv/python/cpython-3.13.15-linux-x86_64-gnu/lib/python3.13/socketserver.py", line 697, in process_request_thread
    self.finish_request(request, client_address)
    ~~~~~~~~~~~~~~~~~~~^^^^^^^^^^^^^^^^^^^^^^^^^
  File "/home/colby/.local/share/uv/python/cpython-3.13.15-linux-x86_64-gnu/lib/python3.13/socketserver.py", line 362, in finish_request
    self.RequestHandlerClass(request, client_address, self)
    ~~~~~~~~~~~~~~~~~~~~~~~~^^^^^^^^^^^^^^^^^^^^^^^^^^^^^^^
  File "/home/colby/.local/share/uv/python/cpython-3.13.15-linux-x86_64-gnu/lib/python3.13/socketserver.py", line 766, in __init__
    self.handle()
    ~~~~~~~~~~~^^
  File "/home/colby/.local/share/uv/python/cpython-3.13.15-linux-x86_64-gnu/lib/python3.13/http/server.py", line 451, in handle
    self.handle_one_request()
    ~~~~~~~~~~~~~~~~~~~~~~~^^
  File "/home/colby/.local/share/uv/python/cpython-3.13.15-linux-x86_64-gnu/lib/python3.13/http/server.py", line 439, in handle_one_request
    method()
    ~~~~~~^^
  File "/home/colby/MediaSynthesis/headless-dj/web.py", line 83, in do_GET
    self._send_flac(f)
    ~~~~~~~~~~~~~~~^^^
  File "/home/colby/MediaSynthesis/headless-dj/web.py", line 111, in _send_flac
    self.wfile.write(chunk)
    ~~~~~~~~~~~~~~~~^^^^^^^
  File "/home/colby/.local/share/uv/python/cpython-3.13.15-linux-x86_64-gnu/lib/python3.13/socketserver.py", line 845, in write
    self._sock.sendall(b)
    ~~~~~~~~~~~~~~~~~~^^^
BrokenPipeError: [Errno 32] Broken pipe
----------------------------------------
----------------------------------------
Exception occurred during processing of request from ('100.90.156.46', 57017)
Traceback (most recent call last):
  File "/home/colby/.local/share/uv/python/cpython-3.13.15-linux-x86_64-gnu/lib/python3.13/socketserver.py", line 697, in process_request_thread
    self.finish_request(request, client_address)
    ~~~~~~~~~~~~~~~~~~~^^^^^^^^^^^^^^^^^^^^^^^^^
  File "/home/colby/.local/share/uv/python/cpython-3.13.15-linux-x86_64-gnu/lib/python3.13/socketserver.py", line 362, in finish_request
    self.RequestHandlerClass(request, client_address, self)
    ~~~~~~~~~~~~~~~~~~~~~~~~^^^^^^^^^^^^^^^^^^^^^^^^^^^^^^^
  File "/home/colby/.local/share/uv/python/cpython-3.13.15-linux-x86_64-gnu/lib/python3.13/socketserver.py", line 766, in __init__
    self.handle()
    ~~~~~~~~~~~^^
  File "/home/colby/.local/share/uv/python/cpython-3.13.15-linux-x86_64-gnu/lib/python3.13/http/server.py", line 451, in handle
    self.handle_one_request()
    ~~~~~~~~~~~~~~~~~~~~~~~^^
  File "/home/colby/.local/share/uv/python/cpython-3.13.15-linux-x86_64-gnu/lib/python3.13/http/server.py", line 439, in handle_one_request
    method()
    ~~~~~~^^
  File "/home/colby/MediaSynthesis/headless-dj/web.py", line 83, in do_GET
    self._send_flac(f)
    ~~~~~~~~~~~~~~~^^^
  File "/home/colby/MediaSynthesis/headless-dj/web.py", line 111, in _send_flac
    self.wfile.write(chunk)
    ~~~~~~~~~~~~~~~~^^^^^^^
  File "/home/colby/.local/share/uv/python/cpython-3.13.15-linux-x86_64-gnu/lib/python3.13/socketserver.py", line 845, in write
    self._sock.sendall(b)
    ~~~~~~~~~~~~~~~~~~^^^
BrokenPipeError: [Errno 32] Broken pipe
----------------------------------------
----------------------------------------
Exception occurred during processing of request from ('100.90.156.46', 55974)
Traceback (most recent call last):
  File "/home/colby/.local/share/uv/python/cpython-3.13.15-linux-x86_64-gnu/lib/python3.13/socketserver.py", line 697, in process_request_thread
    self.finish_request(request, client_address)
    ~~~~~~~~~~~~~~~~~~~^^^^^^^^^^^^^^^^^^^^^^^^^
  File "/home/colby/.local/share/uv/python/cpython-3.13.15-linux-x86_64-gnu/lib/python3.13/socketserver.py", line 362, in finish_request
    self.RequestHandlerClass(request, client_address, self)
    ~~~~~~~~~~~~~~~~~~~~~~~~^^^^^^^^^^^^^^^^^^^^^^^^^^^^^^^
  File "/home/colby/.local/share/uv/python/cpython-3.13.15-linux-x86_64-gnu/lib/python3.13/socketserver.py", line 766, in __init__
    self.handle()
    ~~~~~~~~~~~^^
  File "/home/colby/.local/share/uv/python/cpython-3.13.15-linux-x86_64-gnu/lib/python3.13/http/server.py", line 451, in handle
    self.handle_one_request()
    ~~~~~~~~~~~~~~~~~~~~~~~^^
  File "/home/colby/.local/share/uv/python/cpython-3.13.15-linux-x86_64-gnu/lib/python3.13/http/server.py", line 439, in handle_one_request
    method()
    ~~~~~~^^
  File "/home/colby/MediaSynthesis/headless-dj/web.py", line 83, in do_GET
    self._send_flac(f)
    ~~~~~~~~~~~~~~~^^^
  File "/home/colby/MediaSynthesis/headless-dj/web.py", line 111, in _send_flac
    self.wfile.write(chunk)
    ~~~~~~~~~~~~~~~~^^^^^^^
  File "/home/colby/.local/share/uv/python/cpython-3.13.15-linux-x86_64-gnu/lib/python3.13/socketserver.py", line 845, in write
    self._sock.sendall(b)
    ~~~~~~~~~~~~~~~~~~^^^
BrokenPipeError: [Errno 32] Broken pipe
----------------------------------------
----------------------------------------
Exception occurred during processing of request from ('100.90.156.46', 54502)
Traceback (most recent call last):
  File "/home/colby/.local/share/uv/python/cpython-3.13.15-linux-x86_64-gnu/lib/python3.13/socketserver.py", line 697, in process_request_thread
    self.finish_request(request, client_address)
    ~~~~~~~~~~~~~~~~~~~^^^^^^^^^^^^^^^^^^^^^^^^^
  File "/home/colby/.local/share/uv/python/cpython-3.13.15-linux-x86_64-gnu/lib/python3.13/socketserver.py", line 362, in finish_request
    self.RequestHandlerClass(request, client_address, self)
    ~~~~~~~~~~~~~~~~~~~~~~~~^^^^^^^^^^^^^^^^^^^^^^^^^^^^^^^
  File "/home/colby/.local/share/uv/python/cpython-3.13.15-linux-x86_64-gnu/lib/python3.13/socketserver.py", line 766, in __init__
    self.handle()
    ~~~~~~~~~~~^^
  File "/home/colby/.local/share/uv/python/cpython-3.13.15-linux-x86_64-gnu/lib/python3.13/http/server.py", line 451, in handle
    self.handle_one_request()
    ~~~~~~~~~~~~~~~~~~~~~~~^^
  File "/home/colby/.local/share/uv/python/cpython-3.13.15-linux-x86_64-gnu/lib/python3.13/http/server.py", line 439, in handle_one_request
    method()
    ~~~~~~^^
  File "/home/colby/MediaSynthesis/headless-dj/web.py", line 83, in do_GET
    self._send_flac(f)
    ~~~~~~~~~~~~~~~^^^
  File "/home/colby/MediaSynthesis/headless-dj/web.py", line 111, in _send_flac
    self.wfile.write(chunk)
    ~~~~~~~~~~~~~~~~^^^^^^^
  File "/home/colby/.local/share/uv/python/cpython-3.13.15-linux-x86_64-gnu/lib/python3.13/socketserver.py", line 845, in write
    self._sock.sendall(b)
    ~~~~~~~~~~~~~~~~~~^^^
BrokenPipeError: [Errno 32] Broken pipe
----------------------------------------
